repo,commit,tool,rule_id,severity,file,line,masked_value,fingerprint,verdict,reason
axios,b8d67bbbd6b3,gitleaks,private-key,,tests/unit/adapters/key.pem,1,REDACTED,tests/unit/adapters/key.pem:private-key:1,TP,private key material (test fixture)
axios,b8d67bbbd6b3,secretloop,generic-high-entropy,medium,docs/data/sponsors.json,1510,buy-********************c394,docs/data/sponsors.json:generic-high-entropy:ed17d0b9e49d66de,FP,documentation example
axios,b8d67bbbd6b3,secretloop,http-basic-auth-url,critical,docs/es/pages/advanced/authentication.md,36,my********,docs/es/pages/advanced/authentication.md:http-basic-auth-url:817e1d90e3138051,FP,literal placeholder
axios,b8d67bbbd6b3,secretloop,http-basic-auth-url,critical,docs/fr/pages/advanced/authentication.md,36,my********,docs/fr/pages/advanced/authentication.md:http-basic-auth-url:817e1d90e3138051,FP,literal placeholder
axios,b8d67bbbd6b3,secretloop,http-basic-auth-url,critical,docs/pages/advanced/authentication.md,36,my********,docs/pages/advanced/authentication.md:http-basic-auth-url:817e1d90e3138051,FP,literal placeholder
axios,b8d67bbbd6b3,secretloop,http-basic-auth-url,critical,docs/zh/pages/advanced/authentication.md,36,my********,docs/zh/pages/advanced/authentication.md:http-basic-auth-url:7c94eec03faefe7c,FP,literal placeholder
axios,b8d67bbbd6b3,secretloop,private-key-block,critical,tests/unit/adapters/key.pem,1,----********************----,tests/unit/adapters/key.pem:private-key-block:1e97767ee2ff747b,TP,private key material (test fixture)
axios,b8d67bbbd6b3,secretloop,generic-api-key-assignment,high,tests/unit/prototypePollution.test.js,1604,prod************123!,tests/unit/prototypePollution.test.js:generic-api-key-assignment:68c50c48a9300324,FP,literal placeholder
deno,83bb8d578050,gitleaks,generic-api-key,,cli/tsc/dts/node/https.d.cts,483,REDACTED,cli/tsc/dts/node/https.d.cts:generic-api-key:483,FP,documentation example
deno,83bb8d578050,gitleaks,generic-api-key,,cli/tsc/dts/node/https.d.cts,486,REDACTED,cli/tsc/dts/node/https.d.cts:generic-api-key:486,FP,documentation example
deno,83bb8d578050,gitleaks,generic-api-key,,cli/tsc/dts/node/https.d.cts,489,REDACTED,cli/tsc/dts/node/https.d.cts:generic-api-key:489,FP,documentation example
deno,83bb8d578050,gitleaks,generic-api-key,,ext/crypto/subtle_import_key.rs,1570,REDACTED,ext/crypto/subtle_import_key.rs:generic-api-key:1570,FP,algorithm name
deno,83bb8d578050,gitleaks,generic-api-key,,ext/crypto/subtle_import_key.rs,1583,REDACTED,ext/crypto/subtle_import_key.rs:generic-api-key:1583,FP,algorithm name
deno,83bb8d578050,gitleaks,private-key,,ext/tls/lib.rs,401,REDACTED,ext/tls/lib.rs:private-key:401,FP,"pem marker string, no key material"
deno,83bb8d578050,gitleaks,generic-api-key,,libs/dcore/src/inspector_server.rs,661,REDACTED,libs/dcore/src/inspector_server.rs:generic-api-key:661,FP,literal placeholder
deno,83bb8d578050,gitleaks,generic-api-key,,libs/inspector_server/lib.rs,1166,REDACTED,libs/inspector_server/lib.rs:generic-api-key:1166,FP,literal placeholder
deno,83bb8d578050,gitleaks,generic-api-key,,tests/specs/audit/package_json_only/__test__.jsonc,23,REDACTED,tests/specs/audit/package_json_only/__test__.jsonc:generic-api-key:23,FP,literal placeholder
deno,83bb8d578050,gitleaks,private-key,,tests/specs/node/tls_happy_eyeballs/localhost.key,1,REDACTED,tests/specs/node/tls_happy_eyeballs/localhost.key:private-key:1,TP,private key material (test fixture)
deno,83bb8d578050,gitleaks,generic-api-key,,tests/specs/node/upgrade_websocket_node_http/head_buffer.ts,46,REDACTED,tests/specs/node/upgrade_websocket_node_http/head_buffer.ts:generic-api-key:46,FP,literal placeholder
deno,83bb8d578050,gitleaks,generic-api-key,,tests/specs/npm/npmrc_basic_auth/.npmrc,2,REDACTED,tests/specs/npm/npmrc_basic_auth/.npmrc:generic-api-key:2,FP,documentation example
deno,83bb8d578050,gitleaks,generic-api-key,,tests/specs/npm/npmrc_basic_auth/.npmrc,4,REDACTED,tests/specs/npm/npmrc_basic_auth/.npmrc:generic-api-key:4,FP,documentation example
deno,83bb8d578050,gitleaks,private-key,,tests/specs/npm/npmrc_certfile/client.key,1,REDACTED,tests/specs/npm/npmrc_certfile/client.key:private-key:1,TP,private key material (test fixture)
deno,83bb8d578050,gitleaks,private-key,,tests/specs/run/tls_connecttls/localhost.key,1,REDACTED,tests/specs/run/tls_connecttls/localhost.key:private-key:1,TP,private key material (test fixture)
deno,83bb8d578050,gitleaks,private-key,,tests/specs/run/tls_starttls/localhost.key,1,REDACTED,tests/specs/run/tls_starttls/localhost.key:private-key:1,TP,private key material (test fixture)
deno,83bb8d578050,gitleaks,private-key,,tests/testdata/tls/RootCA.key,1,REDACTED,tests/testdata/tls/RootCA.key:private-key:1,TP,private key material (test fixture)
deno,83bb8d578050,gitleaks,private-key,,tests/testdata/tls/localhost.key,1,REDACTED,tests/testdata/tls/localhost.key:private-key:1,TP,private key material (test fixture)
deno,83bb8d578050,gitleaks,pkcs12-file,,tests/testdata/tls/localhost.pfx,0,REDACTED,tests/testdata/tls/localhost.pfx:pkcs12-file:0,TP,private key material (test fixture)
deno,83bb8d578050,gitleaks,private-key,,tests/testdata/tls/localhost_ecc.key,1,REDACTED,tests/testdata/tls/localhost_ecc.key:private-key:1,TP,private key material (test fixture)
deno,83bb8d578050,gitleaks,pkcs12-file,,tests/testdata/tls/localhost_modern.pfx,0,REDACTED,tests/testdata/tls/localhost_modern.pfx:pkcs12-file:0,TP,private key material (test fixture)
deno,83bb8d578050,gitleaks,pkcs12-file,,tests/testdata/tls/localhost_modern_chain.pfx,0,REDACTED,tests/testdata/tls/localhost_modern_chain.pfx:pkcs12-file:0,TP,private key material (test fixture)
deno,83bb8d578050,gitleaks,pkcs12-file,,tests/testdata/tls/localhost_modern_nomac.pfx,0,REDACTED,tests/testdata/tls/localhost_modern_nomac.pfx:pkcs12-file:0,TP,private key material (test fixture)
deno,83bb8d578050,gitleaks,pkcs12-file,,tests/testdata/tls/localhost_sha1.pfx,0,REDACTED,tests/testdata/tls/localhost_sha1.pfx:pkcs12-file:0,TP,private key material (test fixture)
deno,83bb8d578050,gitleaks,pkcs12-file,,tests/testdata/tls/localhost_sha256.pfx,0,REDACTED,tests/testdata/tls/localhost_sha256.pfx:pkcs12-file:0,TP,private key material (test fixture)
deno,83bb8d578050,gitleaks,pkcs12-file,,tests/testdata/tls/localhost_sha384.pfx,0,REDACTED,tests/testdata/tls/localhost_sha384.pfx:pkcs12-file:0,TP,private key material (test fixture)
deno,83bb8d578050,gitleaks,pkcs12-file,,tests/testdata/tls/localhost_sha512.pfx,0,REDACTED,tests/testdata/tls/localhost_sha512.pfx:pkcs12-file:0,TP,private key material (test fixture)
deno,83bb8d578050,gitleaks,private-key,,tests/testdata/tls/self-signed-hostname.key,1,REDACTED,tests/testdata/tls/self-signed-hostname.key:private-key:1,TP,private key material (test fixture)
deno,83bb8d578050,gitleaks,private-key,,tests/testdata/webcrypto/id_rsaEncryption.pem,1,REDACTED,tests/testdata/webcrypto/id_rsaEncryption.pem:private-key:1,TP,private key material (test fixture)
deno,83bb8d578050,gitleaks,private-key,,tests/testdata/webcrypto/id_rsassaPss.pem,1,REDACTED,tests/testdata/webcrypto/id_rsassaPss.pem:private-key:1,TP,private key material (test fixture)
deno,83bb8d578050,gitleaks,private-key,,tests/testdata/webcrypto/id_rsassaPss_default.pem,1,REDACTED,tests/testdata/webcrypto/id_rsassaPss_default.pem:private-key:1,TP,private key material (test fixture)
deno,83bb8d578050,gitleaks,private-key,,tests/testdata/webcrypto/id_rsassaPss_saltLen_30.pem,1,REDACTED,tests/testdata/webcrypto/id_rsassaPss_saltLen_30.pem:private-key:1,TP,private key material (test fixture)
deno,83bb8d578050,gitleaks,generic-api-key,,tests/unit/http_test.ts,837,REDACTED,tests/unit/http_test.ts:generic-api-key:837,FP,literal placeholder
deno,83bb8d578050,gitleaks,generic-api-key,,tests/unit/http_test.ts,856,REDACTED,tests/unit/http_test.ts:generic-api-key:856,FP,literal placeholder
deno,83bb8d578050,gitleaks,generic-api-key,,tests/unit/http_test.ts,868,REDACTED,tests/unit/http_test.ts:generic-api-key:868,FP,literal placeholder
deno,83bb8d578050,gitleaks,generic-api-key,,tests/unit/http_test.ts,880,REDACTED,tests/unit/http_test.ts:generic-api-key:880,FP,literal placeholder
deno,83bb8d578050,gitleaks,generic-api-key,,tests/unit/http_test.ts,894,REDACTED,tests/unit/http_test.ts:generic-api-key:894,FP,literal placeholder
deno,83bb8d578050,gitleaks,generic-api-key,,tests/unit/http_test.ts,910,REDACTED,tests/unit/http_test.ts:generic-api-key:910,FP,literal placeholder
deno,83bb8d578050,gitleaks,generic-api-key,,tests/unit/serve_test.ts,2028,REDACTED,tests/unit/serve_test.ts:generic-api-key:2028,FP,literal placeholder
deno,83bb8d578050,gitleaks,private-key,,tests/unit/webcrypto_test.ts,448,REDACTED,tests/unit/webcrypto_test.ts:private-key:448,FP,"pem marker string, no key material"
deno,83bb8d578050,gitleaks,generic-api-key,,tests/unit/webcrypto_test.ts,2586,REDACTED,tests/unit/webcrypto_test.ts:generic-api-key:2586,FP,algorithm name
deno,83bb8d578050,gitleaks,generic-api-key,,tests/unit/webcrypto_test.ts,4224,REDACTED,tests/unit/webcrypto_test.ts:generic-api-key:4224,FP,algorithm name
deno,83bb8d578050,gitleaks,generic-api-key,,tests/unit/webcrypto_test.ts,4261,REDACTED,tests/unit/webcrypto_test.ts:generic-api-key:4261,FP,algorithm name
deno,83bb8d578050,gitleaks,generic-api-key,,tests/unit/webcrypto_test.ts,4262,REDACTED,tests/unit/webcrypto_test.ts:generic-api-key:4262,FP,algorithm name
deno,83bb8d578050,gitleaks,generic-api-key,,tests/unit/websocket_test.ts,868,REDACTED,tests/unit/websocket_test.ts:generic-api-key:868,FP,literal placeholder
deno,83bb8d578050,gitleaks,generic-api-key,,tests/unit/websocket_test.ts,1262,REDACTED,tests/unit/websocket_test.ts:generic-api-key:1262,FP,literal placeholder
deno,83bb8d578050,gitleaks,private-key,,tests/unit_node/crypto/crypto_key_test.ts,334,REDACTED,tests/unit_node/crypto/crypto_key_test.ts:private-key:334,TP,private key material (test fixture)
deno,83bb8d578050,gitleaks,private-key,,tests/unit_node/crypto/crypto_key_test.ts,530,REDACTED,tests/unit_node/crypto/crypto_key_test.ts:private-key:530,TP,private key material (test fixture)
deno,83bb8d578050,gitleaks,private-key,,tests/unit_node/crypto/crypto_key_test.ts,696,REDACTED,tests/unit_node/crypto/crypto_key_test.ts:private-key:696,TP,private key material (test fixture)
deno,83bb8d578050,gitleaks,private-key,,tests/unit_node/crypto/crypto_key_test.ts,794,REDACTED,tests/unit_node/crypto/crypto_key_test.ts:private-key:794,TP,private key material (test fixture)
deno,83bb8d578050,gitleaks,private-key,,tests/unit_node/crypto/crypto_key_test.ts,870,REDACTED,tests/unit_node/crypto/crypto_key_test.ts:private-key:870,FP,"pem marker string, no key material"
deno,83bb8d578050,gitleaks,private-key,,tests/unit_node/crypto/crypto_key_test.ts,870,REDACTED,tests/unit_node/crypto/crypto_key_test.ts:private-key:870,FP,"pem marker string, no key material"
deno,83bb8d578050,gitleaks,private-key,,tests/unit_node/crypto/crypto_key_test.ts,1204,REDACTED,tests/unit_node/crypto/crypto_key_test.ts:private-key:1204,TP,private key material (test fixture)
deno,83bb8d578050,gitleaks,private-key,,tests/unit_node/crypto/crypto_key_test.ts,1511,REDACTED,tests/unit_node/crypto/crypto_key_test.ts:private-key:1511,FP,"pem marker string, no key material"
deno,83bb8d578050,gitleaks,private-key,,tests/unit_node/crypto/crypto_sign_test.ts,143,REDACTED,tests/unit_node/crypto/crypto_sign_test.ts:private-key:143,TP,private key material (test fixture)
deno,83bb8d578050,gitleaks,private-key,,tests/unit_node/crypto/ec_private_secp256r1.pem,1,REDACTED,tests/unit_node/crypto/ec_private_secp256r1.pem:private-key:1,TP,private key material (test fixture)
deno,83bb8d578050,gitleaks,private-key,,tests/unit_node/crypto/testdata/asymmetric/rsa-pss_2048_32_nohash.pkcs8.pem,1,REDACTED,tests/unit_node/crypto/testdata/asymmetric/rsa-pss_2048_32_nohash.pkcs8.pem:private-key:1,TP,private key material (test fixture)
deno,83bb8d578050,gitleaks,private-key,,tests/unit_node/crypto/testdata/asymmetric/rsa-pss_2048_nosalt_nohash.pkcs8.pem,1,REDACTED,tests/unit_node/crypto/testdata/asymmetric/rsa-pss_2048_nosalt_nohash.pkcs8.pem:private-key:1,TP,private key material (test fixture)
deno,83bb8d578050,gitleaks,private-key,,tests/unit_node/crypto/testdata/asymmetric/rsa-pss_3072_nosalt_nohash.pkcs8.pem,1,REDACTED,tests/unit_node/crypto/testdata/asymmetric/rsa-pss_3072_nosalt_nohash.pkcs8.pem:private-key:1,TP,private key material (test fixture)
deno,83bb8d578050,gitleaks,private-key,,tests/unit_node/crypto/testdata/asymmetric/rsa_2048.pkcs8.pem,1,REDACTED,tests/unit_node/crypto/testdata/asymmetric/rsa_2048.pkcs8.pem:private-key:1,TP,private key material (test fixture)
deno,83bb8d578050,gitleaks,private-key,,tests/unit_node/crypto/testdata/asymmetric/rsa_3072.pkcs8.pem,1,REDACTED,tests/unit_node/crypto/testdata/asymmetric/rsa_3072.pkcs8.pem:private-key:1,TP,private key material (test fixture)
deno,83bb8d578050,gitleaks,generic-api-key,,tests/unit_node/http_test.ts,2160,REDACTED,tests/unit_node/http_test.ts:generic-api-key:2160,FP,literal placeholder
deno,83bb8d578050,gitleaks,generic-api-key,,tests/unit_node/http_test.ts,3648,REDACTED,tests/unit_node/http_test.ts:generic-api-key:3648,FP,literal placeholder
deno,83bb8d578050,gitleaks,generic-api-key,,tests/unit_node/http_upgrade_create_connection_test.ts,57,REDACTED,tests/unit_node/http_upgrade_create_connection_test.ts:generic-api-key:57,FP,literal placeholder
deno,83bb8d578050,gitleaks,private-key,,tests/unit_node/testdata/rsa_private.pem,1,REDACTED,tests/unit_node/testdata/rsa_private.pem:private-key:1,TP,private key material (test fixture)
deno,83bb8d578050,gitleaks,private-key,,tests/unit_node/testdata/rsa_private_pkcs1.pem,1,REDACTED,tests/unit_node/testdata/rsa_private_pkcs1.pem:private-key:1,TP,private key material (test fixture)
deno,83bb8d578050,gitleaks,generic-api-key,,tests/util/server/servers/mod.rs,488,REDACTED,tests/util/server/servers/mod.rs:generic-api-key:488,FP,protocol example nonce
deno,83bb8d578050,gitleaks,private-key,,tests/wpt/runner/certs/cacert.key,1,REDACTED,tests/wpt/runner/certs/cacert.key:private-key:1,TP,private key material (test fixture)
deno,83bb8d578050,gitleaks,private-key,,tests/wpt/runner/certs/web-platform.test.key,1,REDACTED,tests/wpt/runner/certs/web-platform.test.key:private-key:1,TP,private key material (test fixture)
deno,83bb8d578050,secretloop,generic-high-entropy,medium,.github/workflows/ci.ts,1258,targ********************6sum,.github/workflows/ci.ts:generic-high-entropy:3ea0ba17eface1ba,FP,digest or checksum
deno,83bb8d578050,secretloop,generic-high-entropy,medium,.github/workflows/ci.ts,1261,targ********************6sum,.github/workflows/ci.ts:generic-high-entropy:28cb47f7feee0b1c,FP,digest or checksum
deno,83bb8d578050,secretloop,generic-high-entropy,medium,.github/workflows/ci.ts,1263,targ********************6sum,.github/workflows/ci.ts:generic-high-entropy:a2447fa8b89c2604,FP,digest or checksum
deno,83bb8d578050,secretloop,generic-high-entropy,medium,.github/workflows/ci.ts,1265,targ********************6sum,.github/workflows/ci.ts:generic-high-entropy:91e5929b81fe3d8f,FP,digest or checksum
deno,83bb8d578050,secretloop,generic-high-entropy,medium,.github/workflows/ci.ts,1268,targ********************6sum,.github/workflows/ci.ts:generic-high-entropy:abbc1db20cf11c0d,FP,digest or checksum
deno,83bb8d578050,secretloop,generic-high-entropy,medium,.github/workflows/ci.ts,1270,targ********************6sum,.github/workflows/ci.ts:generic-high-entropy:94c57b2f0a4313ab,FP,digest or checksum
deno,83bb8d578050,secretloop,generic-high-entropy,medium,.github/workflows/ci.ts,1272,targ********************6sum,.github/workflows/ci.ts:generic-high-entropy:8c63eb3c0122352e,FP,digest or checksum
deno,83bb8d578050,secretloop,generic-high-entropy,medium,.github/workflows/ci.ts,1275,targ********************6sum,.github/workflows/ci.ts:generic-high-entropy:1ba054d65921bfc4,FP,digest or checksum
deno,83bb8d578050,secretloop,generic-high-entropy,medium,.github/workflows/ci.ts,1277,targ********************6sum,.github/workflows/ci.ts:generic-high-entropy:27a1d9bf3e194396,FP,digest or checksum
deno,83bb8d578050,secretloop,generic-high-entropy,medium,.github/workflows/ci.ts,1279,targ********************6sum,.github/workflows/ci.ts:generic-high-entropy:4177f6d52ac5924f,FP,digest or checksum
deno,83bb8d578050,secretloop,generic-high-entropy,medium,.github/workflows/ci.ts,1282,targ********************6sum,.github/workflows/ci.ts:generic-high-entropy:485dec7e697e246a,FP,digest or checksum
deno,83bb8d578050,secretloop,generic-high-entropy,medium,.github/workflows/ci.ts,1284,targ********************6sum,.github/workflows/ci.ts:generic-high-entropy:89d574bfb5c1acc9,FP,digest or checksum
deno,83bb8d578050,secretloop,generic-high-entropy,medium,.github/workflows/ci.ts,1286,targ********************6sum,.github/workflows/ci.ts:generic-high-entropy:3afd7cf7e66c463e,FP,digest or checksum
deno,83bb8d578050,secretloop,generic-high-entropy,medium,.github/workflows/ci.ts,1289,targ********************6sum,.github/workflows/ci.ts:generic-high-entropy:7a988f9a1216d558,FP,digest or checksum
deno,83bb8d578050,secretloop,generic-high-entropy,medium,.github/workflows/ci.ts,1291,targ********************6sum,.github/workflows/ci.ts:generic-high-entropy:1b5110a508396165,FP,digest or checksum
deno,83bb8d578050,secretloop,generic-high-entropy,medium,.github/workflows/ci.ts,1293,targ********************6sum,.github/workflows/ci.ts:generic-high-entropy:38d6224d79d0be60,FP,digest or checksum
deno,83bb8d578050,secretloop,generic-high-entropy,medium,.github/workflows/ci.ts,1296,targ********************6sum,.github/workflows/ci.ts:generic-high-entropy:3b121fe443bc528c,FP,digest or checksum
deno,83bb8d578050,secretloop,generic-high-entropy,medium,.github/workflows/ci.ts,1298,targ********************6sum,.github/workflows/ci.ts:generic-high-entropy:9f5b1c01356a1790,FP,digest or checksum
deno,83bb8d578050,secretloop,generic-high-entropy,medium,cli/cache/cache_db.rs,778,5.10********************WSL2,cli/cache/cache_db.rs:generic-high-entropy:2b7dbb62927997ea,FP,version string
deno,83bb8d578050,secretloop,generic-high-entropy,medium,cli/cache/cache_db.rs,781,5.15********************SL2+,cli/cache/cache_db.rs:generic-high-entropy:2268c1d5e3609dc8,FP,version string
deno,83bb8d578050,secretloop,generic-high-entropy,medium,cli/tools/desktop.rs,2410,resu********************view,cli/tools/desktop.rs:generic-high-entropy:c05b5c7db5564078,FP,path or resource identifier
deno,83bb8d578050,secretloop,generic-high-entropy,medium,cli/tools/desktop.rs,2413,resu********************view,cli/tools/desktop.rs:generic-high-entropy:d785fd90994474d9,FP,path or resource identifier
deno,83bb8d578050,secretloop,generic-high-entropy,medium,cli/tools/upgrade.rs,3450,DENO********************ize_,cli/tools/upgrade.rs:generic-high-entropy:3b10905130911acf,FP,literal placeholder
deno,83bb8d578050,secretloop,http-basic-auth-url,critical,cli/tsc/dts/lib.deno_url.d.ts,354,so**********,cli/tsc/dts/lib.deno_url.d.ts:http-basic-auth-url:eb865446471387ac,FP,documentation example
deno,83bb8d578050,secretloop,http-basic-auth-url,critical,cli/tsc/dts/lib.deno_url.d.ts,470,so**********,cli/tsc/dts/lib.deno_url.d.ts:http-basic-auth-url:3e21cc750de1e466,FP,documentation example
deno,83bb8d578050,secretloop,generic-high-entropy,medium,cli/tsc/dts/node/crypto.d.cts,2980,ED25********************ions,cli/tsc/dts/node/crypto.d.cts:generic-high-entropy:fa6dfcb1516ad835,FP,long identifier or type name
deno,83bb8d578050,secretloop,generic-high-entropy,medium,cli/tsc/dts/node/https.d.cts,425,pL1+********************GrU=,cli/tsc/dts/node/https.d.cts:generic-high-entropy:64277239b5a9437a,FP,documentation example
deno,83bb8d578050,secretloop,generic-high-entropy,medium,cli/tsc/dts/node/https.d.cts,492,WoiW********************B18=,cli/tsc/dts/node/https.d.cts:generic-high-entropy:ddbaecfc7a1186f0,FP,digest or checksum
deno,83bb8d578050,secretloop,generic-high-entropy,medium,cli/tsc/dts/node/https.d.cts,492,RRM1********************+ho=,cli/tsc/dts/node/https.d.cts:generic-high-entropy:2b768ca6cdffb982,FP,digest or checksum
deno,83bb8d578050,secretloop,generic-high-entropy,medium,cli/tsc/dts/node/https.d.cts,493,k2v6********************Qws=,cli/tsc/dts/node/https.d.cts:generic-high-entropy:bba29cebb34b9f8a,FP,digest or checksum
deno,83bb8d578050,secretloop,generic-high-entropy,medium,cli/tsc/dts/node/https.d.cts,493,K87o********************G2Q=,cli/tsc/dts/node/https.d.cts:generic-high-entropy:6ec25595375432c4,FP,digest or checksum
deno,83bb8d578050,secretloop,generic-high-entropy,medium,cli/tsc/dts/node/https.d.cts,493,IQBn********************7v4=,cli/tsc/dts/node/https.d.cts:generic-high-entropy:076a1f96e215f435,FP,digest or checksum
deno,83bb8d578050,secretloop,generic-high-entropy,medium,cli/tsc/dts/node/https.d.cts,494,iie1********************uj0=,cli/tsc/dts/node/https.d.cts:generic-high-entropy:c8a680ed0bed1dbd,FP,digest or checksum
deno,83bb8d578050,secretloop,generic-high-entropy,medium,cli/tsc/dts/node/https.d.cts,494,LvRi********************x7A=,cli/tsc/dts/node/https.d.cts:generic-high-entropy:2fc2f3e4f0519c54,FP,digest or checksum
deno,83bb8d578050,secretloop,generic-high-entropy,medium,ext/http/compressible.rs,227,appl********************+xml,ext/http/compressible.rs:generic-high-entropy:592866ead30ffd74,FP,mime type
deno,83bb8d578050,secretloop,generic-high-entropy,medium,ext/http/compressible.rs,229,appl********************+xml,ext/http/compressible.rs:generic-high-entropy:5aa97f4a943fa533,FP,mime type
deno,83bb8d578050,secretloop,generic-high-entropy,medium,ext/http/compressible.rs,232,appl********************+xml,ext/http/compressible.rs:generic-high-entropy:f6842efc5e2c2e4d,FP,mime type
deno,83bb8d578050,secretloop,generic-high-entropy,medium,ext/http/compressible.rs,237,appl********************+xml,ext/http/compressible.rs:generic-high-entropy:e7110b699c463d63,FP,mime type
deno,83bb8d578050,secretloop,generic-high-entropy,medium,ext/http/compressible.rs,242,appl********************+xml,ext/http/compressible.rs:generic-high-entropy:ab666310c946fc59,FP,mime type
deno,83bb8d578050,secretloop,generic-high-entropy,medium,ext/http/compressible.rs,244,appl********************+xml,ext/http/compressible.rs:generic-high-entropy:03c8eeee35af7be3,FP,mime type
deno,83bb8d578050,secretloop,generic-high-entropy,medium,ext/http/compressible.rs,246,appl********************+xml,ext/http/compressible.rs:generic-high-entropy:4d4d6433141bbbdc,FP,mime type
deno,83bb8d578050,secretloop,generic-high-entropy,medium,ext/http/compressible.rs,507,appl********************+xml,ext/http/compressible.rs:generic-high-entropy:c0b8e09b536fe27b,FP,mime type
deno,83bb8d578050,secretloop,generic-high-entropy,medium,libs/cache_dir/global/mod.rs,223,http********************bbc8,libs/cache_dir/global/mod.rs:generic-high-entropy:b8a0388ef2dc71b2,FP,path or resource identifier
deno,83bb8d578050,secretloop,generic-high-entropy,medium,libs/cache_dir/global/mod.rs,227,http********************bbc8,libs/cache_dir/global/mod.rs:generic-high-entropy:baf0c791da33c91e,FP,path or resource identifier
deno,83bb8d578050,secretloop,generic-high-entropy,medium,libs/cache_dir/global/mod.rs,231,http********************a0f1,libs/cache_dir/global/mod.rs:generic-high-entropy:f00e13d6ca94e346,FP,path or resource identifier
deno,83bb8d578050,secretloop,generic-high-entropy,medium,libs/core/modules/tests.rs,2850,eyJ2********************In0=,libs/core/modules/tests.rs:generic-high-entropy:a834b1c2d976a233,FP,"encoded data, not a credential"
deno,83bb8d578050,secretloop,generic-high-entropy,medium,libs/core/modules/tests.rs,3019,eyJ2********************QSJ9,libs/core/modules/tests.rs:generic-high-entropy:53b1403b5e8e873d,FP,long identifier or type name
deno,83bb8d578050,secretloop,generic-high-entropy,medium,libs/core/modules/tests.rs,3072,eyJ2********************In0=,libs/core/modules/tests.rs:generic-high-entropy:d333a9114e4d83b9,FP,"encoded data, not a credential"
deno,83bb8d578050,secretloop,generic-high-entropy,medium,libs/crypto/spki.rs,182,MIIC********************Ekc=,libs/crypto/spki.rs:generic-high-entropy:dde28de3df701360,FP,path or resource identifier
deno,83bb8d578050,secretloop,generic-high-entropy,medium,libs/crypto/spki.rs,189,MIIC********************GsM=,libs/crypto/spki.rs:generic-high-entropy:0efc33b5f1ed9110,FP,public key material
deno,83bb8d578050,secretloop,generic-high-entropy,medium,libs/npm_cache/tarball_extract.rs,495,z4Ph********************Pg==,libs/npm_cache/tarball_extract.rs:generic-high-entropy:a2d83046e692cc5f,FP,digest or checksum
deno,83bb8d578050,secretloop,generic-high-entropy,medium,libs/resolver/cache/disk_cache.rs,172,http********************15cf,libs/resolver/cache/disk_cache.rs:generic-high-entropy:6435ac59464689c9,FP,path or resource identifier
deno,83bb8d578050,secretloop,generic-high-entropy,medium,libs/resolver/cache/disk_cache.rs,176,http********************15cf,libs/resolver/cache/disk_cache.rs:generic-high-entropy:1d7d6316774242f8,FP,path or resource identifier
deno,83bb8d578050,secretloop,generic-high-entropy,medium,runtime/Cargo.toml,103,Win3********************ouse,runtime/Cargo.toml:generic-high-entropy:830a513c79080003,FP,long identifier or type name
deno,83bb8d578050,secretloop,generic-high-entropy,medium,runtime/permissions/Cargo.toml,41,Win3********************ouse,runtime/permissions/Cargo.toml:generic-high-entropy:830a513c79080003,FP,long identifier or type name
deno,83bb8d578050,secretloop,generic-api-key-assignment,high,tests/specs/audit/package_json_only/__test__.jsonc,23,test**********2345,tests/specs/audit/package_json_only/__test__.jsonc:generic-api-key-assignment:2688f4e126ca5efd,FP,literal placeholder
deno,83bb8d578050,secretloop,private-key-block,critical,tests/specs/node/tls_happy_eyeballs/localhost.key,1,----********************----,tests/specs/node/tls_happy_eyeballs/localhost.key:private-key-block:6b56c73a3cd194b5,TP,private key material (test fixture)
deno,83bb8d578050,secretloop,private-key-block,critical,tests/specs/npm/npmrc_certfile/client.key,1,----********************----,tests/specs/npm/npmrc_certfile/client.key:private-key-block:6b56c73a3cd194b5,TP,private key material (test fixture)
deno,83bb8d578050,secretloop,private-key-block,critical,tests/specs/run/tls_connecttls/localhost.key,1,----********************----,tests/specs/run/tls_connecttls/localhost.key:private-key-block:6b56c73a3cd194b5,TP,private key material (test fixture)
deno,83bb8d578050,secretloop,private-key-block,critical,tests/specs/run/tls_starttls/localhost.key,1,----********************----,tests/specs/run/tls_starttls/localhost.key:private-key-block:6b56c73a3cd194b5,TP,private key material (test fixture)
deno,83bb8d578050,secretloop,onepassword-service-account,critical,tests/specs/test/ops_sanitizer_multiple_timeout_tests_no_trace/__test__.jsonc,4,ops_********************race,tests/specs/test/ops_sanitizer_multiple_timeout_tests_no_trace/__test__.jsonc:onepassword-service-account:ca16f76771efb338,FP,rule misfire on a filename
deno,83bb8d578050,secretloop,private-key-block,critical,tests/testdata/tls/RootCA.key,1,----********************----,tests/testdata/tls/RootCA.key:private-key-block:ab8a1c88383bb9b9,TP,private key material (test fixture)
deno,83bb8d578050,secretloop,private-key-block,critical,tests/testdata/tls/localhost.key,1,----********************----,tests/testdata/tls/localhost.key:private-key-block:6b56c73a3cd194b5,TP,private key material (test fixture)
deno,83bb8d578050,secretloop,private-key-block,critical,tests/testdata/tls/localhost_ecc.key,1,----********************----,tests/testdata/tls/localhost_ecc.key:private-key-block:ef105738f5edd994,TP,private key material (test fixture)
deno,83bb8d578050,secretloop,private-key-block,critical,tests/testdata/tls/self-signed-hostname.key,1,----********************----,tests/testdata/tls/self-signed-hostname.key:private-key-block:59dd9165b1cd597d,TP,private key material (test fixture)
deno,83bb8d578050,secretloop,private-key-block,critical,tests/testdata/webcrypto/id_rsaEncryption.pem,1,----********************----,tests/testdata/webcrypto/id_rsaEncryption.pem:private-key-block:8a95c20fb7ef7721,TP,private key material (test fixture)
deno,83bb8d578050,secretloop,private-key-block,critical,tests/testdata/webcrypto/id_rsassaPss.pem,1,----********************----,tests/testdata/webcrypto/id_rsassaPss.pem:private-key-block:6d145750805ee9f0,TP,private key material (test fixture)
deno,83bb8d578050,secretloop,private-key-block,critical,tests/testdata/webcrypto/id_rsassaPss_default.pem,1,----********************----,tests/testdata/webcrypto/id_rsassaPss_default.pem:private-key-block:0b3876ec94edbd3c,TP,private key material (test fixture)
deno,83bb8d578050,secretloop,private-key-block,critical,tests/testdata/webcrypto/id_rsassaPss_saltLen_30.pem,1,----********************----,tests/testdata/webcrypto/id_rsassaPss_saltLen_30.pem:private-key-block:a56f1915eb90407c,TP,private key material (test fixture)
deno,83bb8d578050,secretloop,private-key-block,critical,tests/unit/webcrypto_test.ts,448,----********************----,tests/unit/webcrypto_test.ts:private-key-block:5d7ca678b46ad34b,FP,"pem marker string, no key material"
deno,83bb8d578050,secretloop,private-key-block,critical,tests/unit_node/crypto/crypto_key_test.ts,334,----********************----,tests/unit_node/crypto/crypto_key_test.ts:private-key-block:c085c163205caf9c,TP,private key material (test fixture)
deno,83bb8d578050,secretloop,private-key-block,critical,tests/unit_node/crypto/crypto_key_test.ts,530,----********************----,tests/unit_node/crypto/crypto_key_test.ts:private-key-block:5f292097690989cd,TP,private key material (test fixture)
deno,83bb8d578050,secretloop,private-key-block,critical,tests/unit_node/crypto/crypto_key_test.ts,696,----********************----,tests/unit_node/crypto/crypto_key_test.ts:private-key-block:dbc8afb0395b84ab,TP,private key material (test fixture)
deno,83bb8d578050,secretloop,private-key-block,critical,tests/unit_node/crypto/crypto_key_test.ts,794,----********************----,tests/unit_node/crypto/crypto_key_test.ts:private-key-block:99295ce562d2a300,TP,private key material (test fixture)
deno,83bb8d578050,secretloop,private-key-block,critical,tests/unit_node/crypto/crypto_key_test.ts,1204,----********************----,tests/unit_node/crypto/crypto_key_test.ts:private-key-block:1d267be699d82231,TP,private key material (test fixture)
deno,83bb8d578050,secretloop,private-key-block,critical,tests/unit_node/crypto/crypto_sign_test.ts,143,----********************----,tests/unit_node/crypto/crypto_sign_test.ts:private-key-block:45847bc7933d7ddd,TP,private key material (test fixture)
deno,83bb8d578050,secretloop,private-key-block,critical,tests/unit_node/crypto/ec_private_secp256r1.pem,1,----********************----,tests/unit_node/crypto/ec_private_secp256r1.pem:private-key-block:37181d8924721f90,TP,private key material (test fixture)
deno,83bb8d578050,secretloop,private-key-block,critical,tests/unit_node/crypto/testdata/asymmetric/rsa-pss_2048_32_nohash.pkcs8.pem,1,----********************----,tests/unit_node/crypto/testdata/asymmetric/rsa-pss_2048_32_nohash.pkcs8.pem:private-key-block:2991a05872e55e16,TP,private key material (test fixture)
deno,83bb8d578050,secretloop,private-key-block,critical,tests/unit_node/crypto/testdata/asymmetric/rsa-pss_2048_nosalt_nohash.pkcs8.pem,1,----********************----,tests/unit_node/crypto/testdata/asymmetric/rsa-pss_2048_nosalt_nohash.pkcs8.pem:private-key-block:35624ae89d7cba33,TP,private key material (test fixture)
deno,83bb8d578050,secretloop,private-key-block,critical,tests/unit_node/crypto/testdata/asymmetric/rsa-pss_3072_nosalt_nohash.pkcs8.pem,1,----********************----,tests/unit_node/crypto/testdata/asymmetric/rsa-pss_3072_nosalt_nohash.pkcs8.pem:private-key-block:f3a1390dc22b0a02,TP,private key material (test fixture)
deno,83bb8d578050,secretloop,private-key-block,critical,tests/unit_node/crypto/testdata/asymmetric/rsa_2048.pkcs8.pem,1,----********************----,tests/unit_node/crypto/testdata/asymmetric/rsa_2048.pkcs8.pem:private-key-block:1fb9ef33123294d4,TP,private key material (test fixture)
deno,83bb8d578050,secretloop,private-key-block,critical,tests/unit_node/crypto/testdata/asymmetric/rsa_3072.pkcs8.pem,1,----********************----,tests/unit_node/crypto/testdata/asymmetric/rsa_3072.pkcs8.pem:private-key-block:05a95b33e0acadf0,TP,private key material (test fixture)
deno,83bb8d578050,secretloop,private-key-block,critical,tests/unit_node/testdata/rsa_private.pem,1,----********************----,tests/unit_node/testdata/rsa_private.pem:private-key-block:4b828acf2cadf916,TP,private key material (test fixture)
deno,83bb8d578050,secretloop,private-key-block,critical,tests/unit_node/testdata/rsa_private_pkcs1.pem,1,----********************----,tests/unit_node/testdata/rsa_private_pkcs1.pem:private-key-block:70d38a3095e39071,TP,private key material (test fixture)
deno,83bb8d578050,secretloop,private-key-block,critical,tests/wpt/runner/certs/cacert.key,1,----********************----,tests/wpt/runner/certs/cacert.key:private-key-block:fd10729605d33e61,TP,private key material (test fixture)
deno,83bb8d578050,secretloop,private-key-block,critical,tests/wpt/runner/certs/web-platform.test.key,1,----********************----,tests/wpt/runner/certs/web-platform.test.key:private-key-block:4f38316bcb209417,TP,private key material (test fixture)
deno,83bb8d578050,secretloop,db-connection-string,critical,tests/wpt/runner/expectations/url.json,1679,***,tests/wpt/runner/expectations/url.json:db-connection-string:53d9fb0b741ebac6,FP,literal placeholder
deno,83bb8d578050,secretloop,db-connection-string,critical,tests/wpt/runner/expectations/url.json,2402,***,tests/wpt/runner/expectations/url.json:db-connection-string:655d2ceb6d5228b4,FP,literal placeholder
flask,d318b6834711,gitleaks,generic-api-key,,docs/config.rst,41,REDACTED,docs/config.rst:generic-api-key:41,FP,documentation example
flask,d318b6834711,gitleaks,generic-api-key,,docs/config.rst,513,REDACTED,docs/config.rst:generic-api-key:513,FP,documentation example
flask,d318b6834711,gitleaks,generic-api-key,,docs/config.rst,560,REDACTED,docs/config.rst:generic-api-key:560,FP,documentation example
flask,d318b6834711,gitleaks,generic-api-key,,docs/config.rst,578,REDACTED,docs/config.rst:generic-api-key:578,FP,documentation example
flask,d318b6834711,gitleaks,generic-api-key,,docs/config.rst,587,REDACTED,docs/config.rst:generic-api-key:587,FP,documentation example
flask,d318b6834711,gitleaks,generic-api-key,,docs/tutorial/deploy.rst,73,REDACTED,docs/tutorial/deploy.rst:generic-api-key:73,FP,documentation example
flask,d318b6834711,secretloop,generic-api-key-assignment,high,docs/config.rst,41,192b********************bcbf,docs/config.rst:generic-api-key-assignment:2598f7d6adc142d8,FP,documentation example
flask,d318b6834711,secretloop,generic-api-key-assignment,high,docs/config.rst,513,192b********************bcbf,docs/config.rst:generic-api-key-assignment:2598f7d6adc142d8,FP,documentation example
flask,d318b6834711,secretloop,generic-api-key-assignment,high,docs/config.rst,560,5f35********************5d2f,docs/config.rst:generic-api-key-assignment:9cb335cb7b5fb805,FP,documentation example
flask,d318b6834711,secretloop,generic-api-key-assignment,high,docs/config.rst,578,5f35********************5d2f,docs/config.rst:generic-api-key-assignment:9cb335cb7b5fb805,FP,documentation example
flask,d318b6834711,secretloop,generic-api-key-assignment,high,docs/config.rst,587,5f35********************5d2f,docs/config.rst:generic-api-key-assignment:9cb335cb7b5fb805,FP,documentation example
flask,d318b6834711,secretloop,generic-api-key-assignment,high,docs/tutorial/deploy.rst,73,192b********************bcbf,docs/tutorial/deploy.rst:generic-api-key-assignment:2598f7d6adc142d8,FP,documentation example
kubernetes,b2ec8b6fefac,gitleaks,private-key,,cmd/kube-apiserver/app/testing/testdata/127.0.0.1_10.0.0.1_kubernetes.default.svc-kubernetes.default-kubernetes-localhost.key,1,REDACTED,cmd/kube-apiserver/app/testing/testdata/127.0.0.1_10.0.0.1_kubernetes.default.svc-kubernetes.default-kubernetes-localhost.key:private-key:1,TP,private key material (test fixture)
kubernetes,b2ec8b6fefac,gitleaks,private-key,,cmd/kube-apiserver/app/testing/testserver.go,80,REDACTED,cmd/kube-apiserver/app/testing/testserver.go:private-key:80,TP,private key material (test fixture)
kubernetes,b2ec8b6fefac,gitleaks,generic-api-key,,cmd/kubeadm/app/apis/bootstraptoken/v1/utils_test.go,37,REDACTED,cmd/kubeadm/app/apis/bootstraptoken/v1/utils_test.go:generic-api-key:37,FP,literal placeholder
kubernetes,b2ec8b6fefac,gitleaks,generic-api-key,,cmd/kubeadm/app/apis/bootstraptoken/v1/utils_test.go,70,REDACTED,cmd/kubeadm/app/apis/bootstraptoken/v1/utils_test.go:generic-api-key:70,FP,literal placeholder
kubernetes,b2ec8b6fefac,gitleaks,generic-api-key,,cmd/kubeadm/app/apis/bootstraptoken/v1/utils_test.go,96,REDACTED,cmd/kubeadm/app/apis/bootstraptoken/v1/utils_test.go:generic-api-key:96,FP,long identifier or type name
kubernetes,b2ec8b6fefac,gitleaks,generic-api-key,,cmd/kubeadm/app/apis/bootstraptoken/v1/utils_test.go,150,REDACTED,cmd/kubeadm/app/apis/bootstraptoken/v1/utils_test.go:generic-api-key:150,FP,literal placeholder
kubernetes,b2ec8b6fefac,gitleaks,generic-api-key,,cmd/kubeadm/app/apis/bootstraptoken/v1/utils_test.go,181,REDACTED,cmd/kubeadm/app/apis/bootstraptoken/v1/utils_test.go:generic-api-key:181,FP,literal placeholder
kubernetes,b2ec8b6fefac,gitleaks,generic-api-key,,cmd/kubeadm/app/apis/bootstraptoken/v1/utils_test.go,182,REDACTED,cmd/kubeadm/app/apis/bootstraptoken/v1/utils_test.go:generic-api-key:182,FP,literal placeholder
kubernetes,b2ec8b6fefac,gitleaks,generic-api-key,,cmd/kubeadm/app/apis/bootstraptoken/v1/utils_test.go,183,REDACTED,cmd/kubeadm/app/apis/bootstraptoken/v1/utils_test.go:generic-api-key:183,FP,literal placeholder
kubernetes,b2ec8b6fefac,gitleaks,generic-api-key,,cmd/kubeadm/app/apis/bootstraptoken/v1/utils_test.go,185,REDACTED,cmd/kubeadm/app/apis/bootstraptoken/v1/utils_test.go:generic-api-key:185,FP,literal placeholder
kubernetes,b2ec8b6fefac,gitleaks,generic-api-key,,cmd/kubeadm/app/apis/bootstraptoken/v1/utils_test.go,186,REDACTED,cmd/kubeadm/app/apis/bootstraptoken/v1/utils_test.go:generic-api-key:186,FP,literal placeholder
kubernetes,b2ec8b6fefac,gitleaks,generic-api-key,,cmd/kubeadm/app/apis/bootstraptoken/v1/utils_test.go,187,REDACTED,cmd/kubeadm/app/apis/bootstraptoken/v1/utils_test.go:generic-api-key:187,FP,literal placeholder
kubernetes,b2ec8b6fefac,gitleaks,generic-api-key,,cmd/kubeadm/app/apis/bootstraptoken/v1/utils_test.go,187,REDACTED,cmd/kubeadm/app/apis/bootstraptoken/v1/utils_test.go:generic-api-key:187,FP,literal placeholder
kubernetes,b2ec8b6fefac,gitleaks,generic-api-key,,cmd/kubeadm/app/apis/bootstraptoken/v1/utils_test.go,229,REDACTED,cmd/kubeadm/app/apis/bootstraptoken/v1/utils_test.go:generic-api-key:229,FP,long identifier or type name
kubernetes,b2ec8b6fefac,gitleaks,generic-api-key,,cmd/kubeadm/app/apis/bootstraptoken/v1/utils_test.go,229,REDACTED,cmd/kubeadm/app/apis/bootstraptoken/v1/utils_test.go:generic-api-key:229,FP,long identifier or type name
kubernetes,b2ec8b6fefac,gitleaks,generic-api-key,,cmd/kubeadm/app/apis/bootstraptoken/v1/utils_test.go,266,REDACTED,cmd/kubeadm/app/apis/bootstraptoken/v1/utils_test.go:generic-api-key:266,FP,long identifier or type name
kubernetes,b2ec8b6fefac,gitleaks,generic-api-key,,cmd/kubeadm/app/apis/bootstraptoken/v1/utils_test.go,312,REDACTED,cmd/kubeadm/app/apis/bootstraptoken/v1/utils_test.go:generic-api-key:312,FP,long identifier or type name
kubernetes,b2ec8b6fefac,gitleaks,generic-api-key,,cmd/kubeadm/app/apis/bootstraptoken/v1/utils_test.go,348,REDACTED,cmd/kubeadm/app/apis/bootstraptoken/v1/utils_test.go:generic-api-key:348,FP,long identifier or type name
kubernetes,b2ec8b6fefac,gitleaks,generic-api-key,,cmd/kubeadm/app/apis/bootstraptoken/v1/utils_test.go,358,REDACTED,cmd/kubeadm/app/apis/bootstraptoken/v1/utils_test.go:generic-api-key:358,FP,long identifier or type name
kubernetes,b2ec8b6fefac,gitleaks,generic-api-key,,cmd/kubeadm/app/apis/bootstraptoken/v1/utils_test.go,370,REDACTED,cmd/kubeadm/app/apis/bootstraptoken/v1/utils_test.go:generic-api-key:370,FP,long identifier or type name
kubernetes,b2ec8b6fefac,gitleaks,generic-api-key,,cmd/kubeadm/app/apis/bootstraptoken/v1/utils_test.go,384,REDACTED,cmd/kubeadm/app/apis/bootstraptoken/v1/utils_test.go:generic-api-key:384,FP,long identifier or type name
kubernetes,b2ec8b6fefac,gitleaks,generic-api-key,,cmd/kubeadm/app/apis/bootstraptoken/v1/utils_test.go,398,REDACTED,cmd/kubeadm/app/apis/bootstraptoken/v1/utils_test.go:generic-api-key:398,FP,long identifier or type name
kubernetes,b2ec8b6fefac,gitleaks,generic-api-key,,cmd/kubeadm/app/apis/bootstraptoken/v1/utils_test.go,415,REDACTED,cmd/kubeadm/app/apis/bootstraptoken/v1/utils_test.go:generic-api-key:415,FP,long identifier or type name
kubernetes,b2ec8b6fefac,gitleaks,generic-api-key,,cmd/kubeadm/app/apis/bootstraptoken/v1/utils_test.go,428,REDACTED,cmd/kubeadm/app/apis/bootstraptoken/v1/utils_test.go:generic-api-key:428,FP,long identifier or type name
kubernetes,b2ec8b6fefac,gitleaks,generic-api-key,,cmd/kubeadm/app/apis/bootstraptoken/v1/utils_test.go,440,REDACTED,cmd/kubeadm/app/apis/bootstraptoken/v1/utils_test.go:generic-api-key:440,FP,long identifier or type name
kubernetes,b2ec8b6fefac,gitleaks,generic-api-key,,cmd/kubeadm/app/apis/bootstraptoken/v1/utils_test.go,500,REDACTED,cmd/kubeadm/app/apis/bootstraptoken/v1/utils_test.go:generic-api-key:500,FP,long identifier or type name
kubernetes,b2ec8b6fefac,gitleaks,generic-api-key,,cmd/kubeadm/app/apis/bootstraptoken/v1/utils_test.go,543,REDACTED,cmd/kubeadm/app/apis/bootstraptoken/v1/utils_test.go:generic-api-key:543,FP,long identifier or type name
kubernetes,b2ec8b6fefac,gitleaks,generic-api-key,,cmd/kubeadm/app/apis/bootstraptoken/v1/utils_test.go,557,REDACTED,cmd/kubeadm/app/apis/bootstraptoken/v1/utils_test.go:generic-api-key:557,FP,long identifier or type name
kubernetes,b2ec8b6fefac,gitleaks,generic-api-key,,cmd/kubeadm/app/apis/bootstraptoken/v1/utils_test.go,585,REDACTED,cmd/kubeadm/app/apis/bootstraptoken/v1/utils_test.go:generic-api-key:585,FP,long identifier or type name
kubernetes,b2ec8b6fefac,gitleaks,generic-api-key,,cmd/kubeadm/app/apis/bootstraptoken/v1/utils_test.go,602,REDACTED,cmd/kubeadm/app/apis/bootstraptoken/v1/utils_test.go:generic-api-key:602,FP,long identifier or type name
kubernetes,b2ec8b6fefac,gitleaks,generic-api-key,,cmd/kubeadm/app/apis/bootstraptoken/v1/utils_test.go,616,REDACTED,cmd/kubeadm/app/apis/bootstraptoken/v1/utils_test.go:generic-api-key:616,FP,long identifier or type name
kubernetes,b2ec8b6fefac,gitleaks,generic-api-key,,cmd/kubeadm/app/apis/bootstraptoken/v1/utils_test.go,634,REDACTED,cmd/kubeadm/app/apis/bootstraptoken/v1/utils_test.go:generic-api-key:634,FP,long identifier or type name
kubernetes,b2ec8b6fefac,gitleaks,generic-api-key,,cmd/kubeadm/app/apis/kubeadm/v1/doc.go,168,REDACTED,cmd/kubeadm/app/apis/kubeadm/v1/doc.go:generic-api-key:168,FP,documentation example
kubernetes,b2ec8b6fefac,gitleaks,generic-api-key,,cmd/kubeadm/app/apis/kubeadm/v1/doc.go,195,REDACTED,cmd/kubeadm/app/apis/kubeadm/v1/doc.go:generic-api-key:195,FP,documentation example
kubernetes,b2ec8b6fefac,gitleaks,generic-api-key,,cmd/kubeadm/app/apis/kubeadm/v1/doc.go,295,REDACTED,cmd/kubeadm/app/apis/kubeadm/v1/doc.go:generic-api-key:295,FP,literal placeholder
kubernetes,b2ec8b6fefac,gitleaks,generic-api-key,,cmd/kubeadm/app/apis/kubeadm/v1/doc.go,297,REDACTED,cmd/kubeadm/app/apis/kubeadm/v1/doc.go:generic-api-key:297,FP,literal placeholder
kubernetes,b2ec8b6fefac,gitleaks,generic-api-key,,cmd/kubeadm/app/apis/kubeadm/v1beta4/doc.go,201,REDACTED,cmd/kubeadm/app/apis/kubeadm/v1beta4/doc.go:generic-api-key:201,FP,documentation example
kubernetes,b2ec8b6fefac,gitleaks,generic-api-key,,cmd/kubeadm/app/apis/kubeadm/v1beta4/doc.go,228,REDACTED,cmd/kubeadm/app/apis/kubeadm/v1beta4/doc.go:generic-api-key:228,FP,documentation example
kubernetes,b2ec8b6fefac,gitleaks,generic-api-key,,cmd/kubeadm/app/apis/kubeadm/v1beta4/doc.go,328,REDACTED,cmd/kubeadm/app/apis/kubeadm/v1beta4/doc.go:generic-api-key:328,FP,literal placeholder
kubernetes,b2ec8b6fefac,gitleaks,generic-api-key,,cmd/kubeadm/app/apis/kubeadm/v1beta4/doc.go,330,REDACTED,cmd/kubeadm/app/apis/kubeadm/v1beta4/doc.go:generic-api-key:330,FP,literal placeholder
kubernetes,b2ec8b6fefac,gitleaks,generic-api-key,,cmd/kubeadm/app/apis/kubeadm/validation/validation_test.go,470,REDACTED,cmd/kubeadm/app/apis/kubeadm/validation/validation_test.go:generic-api-key:470,FP,documentation example
kubernetes,b2ec8b6fefac,gitleaks,generic-api-key,,cmd/kubeadm/app/apis/kubeadm/validation/validation_test.go,475,REDACTED,cmd/kubeadm/app/apis/kubeadm/validation/validation_test.go:generic-api-key:475,FP,literal placeholder
kubernetes,b2ec8b6fefac,gitleaks,generic-api-key,,cmd/kubeadm/app/apis/kubeadm/validation/validation_test.go,681,REDACTED,cmd/kubeadm/app/apis/kubeadm/validation/validation_test.go:generic-api-key:681,FP,literal placeholder
kubernetes,b2ec8b6fefac,gitleaks,generic-api-key,,cmd/kubeadm/app/apis/kubeadm/validation/validation_test.go,696,REDACTED,cmd/kubeadm/app/apis/kubeadm/validation/validation_test.go:generic-api-key:696,FP,literal placeholder
kubernetes,b2ec8b6fefac,gitleaks,generic-api-key,,cmd/kubeadm/app/apis/kubeadm/validation/validation_test.go,717,REDACTED,cmd/kubeadm/app/apis/kubeadm/validation/validation_test.go:generic-api-key:717,FP,literal placeholder
kubernetes,b2ec8b6fefac,gitleaks,generic-api-key,,cmd/kubeadm/app/apis/kubeadm/validation/validation_test.go,738,REDACTED,cmd/kubeadm/app/apis/kubeadm/validation/validation_test.go:generic-api-key:738,FP,literal placeholder
kubernetes,b2ec8b6fefac,gitleaks,generic-api-key,,cmd/kubeadm/app/apis/kubeadm/validation/validation_test.go,941,REDACTED,cmd/kubeadm/app/apis/kubeadm/validation/validation_test.go:generic-api-key:941,FP,literal placeholder
kubernetes,b2ec8b6fefac,gitleaks,generic-api-key,,cmd/kubeadm/app/apis/kubeadm/validation/validation_test.go,978,REDACTED,cmd/kubeadm/app/apis/kubeadm/validation/validation_test.go:generic-api-key:978,FP,literal placeholder
kubernetes,b2ec8b6fefac,gitleaks,generic-api-key,,cmd/kubeadm/app/cmd/init_test.go,49,REDACTED,cmd/kubeadm/app/cmd/init_test.go:generic-api-key:49,FP,literal placeholder
kubernetes,b2ec8b6fefac,gitleaks,generic-api-key,,cmd/kubeadm/app/cmd/init_test.go,147,REDACTED,cmd/kubeadm/app/cmd/init_test.go:generic-api-key:147,FP,literal placeholder
kubernetes,b2ec8b6fefac,gitleaks,generic-api-key,,cmd/kubeadm/app/cmd/join_test.go,46,REDACTED,cmd/kubeadm/app/cmd/join_test.go:generic-api-key:46,FP,literal placeholder
kubernetes,b2ec8b6fefac,gitleaks,generic-api-key,,cmd/kubeadm/app/cmd/join_test.go,50,REDACTED,cmd/kubeadm/app/cmd/join_test.go:generic-api-key:50,TP,symmetric key material (test fixture)
kubernetes,b2ec8b6fefac,gitleaks,generic-api-key,,cmd/kubeadm/app/cmd/join_test.go,235,REDACTED,cmd/kubeadm/app/cmd/join_test.go:generic-api-key:235,FP,literal placeholder
kubernetes,b2ec8b6fefac,gitleaks,generic-api-key,,cmd/kubeadm/app/cmd/join_test.go,238,REDACTED,cmd/kubeadm/app/cmd/join_test.go:generic-api-key:238,TP,symmetric key material (test fixture)
kubernetes,b2ec8b6fefac,gitleaks,generic-api-key,,cmd/kubeadm/app/cmd/token_test.go,339,REDACTED,cmd/kubeadm/app/cmd/token_test.go:generic-api-key:339,FP,literal placeholder
kubernetes,b2ec8b6fefac,gitleaks,generic-api-key,,cmd/kubeadm/app/cmd/token_test.go,364,REDACTED,cmd/kubeadm/app/cmd/token_test.go:generic-api-key:364,FP,literal placeholder
kubernetes,b2ec8b6fefac,gitleaks,generic-api-key,,cmd/kubeadm/app/discovery/token/token.go,268,REDACTED,cmd/kubeadm/app/discovery/token/token.go:generic-api-key:268,FP,literal placeholder
kubernetes,b2ec8b6fefac,gitleaks,generic-api-key,,cmd/kubeadm/app/discovery/token/token_test.go,64,REDACTED,cmd/kubeadm/app/discovery/token/token_test.go:generic-api-key:64,FP,literal placeholder
kubernetes,b2ec8b6fefac,gitleaks,generic-api-key,,cmd/kubeadm/app/discovery/token/token_test.go,81,REDACTED,cmd/kubeadm/app/discovery/token/token_test.go:generic-api-key:81,FP,literal placeholder
kubernetes,b2ec8b6fefac,gitleaks,generic-api-key,,cmd/kubeadm/app/discovery/token/token_test.go,97,REDACTED,cmd/kubeadm/app/discovery/token/token_test.go:generic-api-key:97,FP,literal placeholder
kubernetes,b2ec8b6fefac,gitleaks,generic-api-key,,cmd/kubeadm/app/discovery/token/token_test.go,100,REDACTED,cmd/kubeadm/app/discovery/token/token_test.go:generic-api-key:100,FP,literal placeholder
kubernetes,b2ec8b6fefac,gitleaks,generic-api-key,,cmd/kubeadm/app/discovery/token/token_test.go,111,REDACTED,cmd/kubeadm/app/discovery/token/token_test.go:generic-api-key:111,FP,literal placeholder
kubernetes,b2ec8b6fefac,gitleaks,generic-api-key,,cmd/kubeadm/app/discovery/token/token_test.go,144,REDACTED,cmd/kubeadm/app/discovery/token/token_test.go:generic-api-key:144,FP,literal placeholder
kubernetes,b2ec8b6fefac,gitleaks,generic-api-key,,cmd/kubeadm/app/discovery/token/token_test.go,147,REDACTED,cmd/kubeadm/app/discovery/token/token_test.go:generic-api-key:147,FP,literal placeholder
kubernetes,b2ec8b6fefac,gitleaks,generic-api-key,,cmd/kubeadm/app/discovery/token/token_test.go,159,REDACTED,cmd/kubeadm/app/discovery/token/token_test.go:generic-api-key:159,FP,literal placeholder
kubernetes,b2ec8b6fefac,gitleaks,generic-api-key,,cmd/kubeadm/app/discovery/token/token_test.go,162,REDACTED,cmd/kubeadm/app/discovery/token/token_test.go:generic-api-key:162,FP,literal placeholder
kubernetes,b2ec8b6fefac,gitleaks,generic-api-key,,cmd/kubeadm/app/discovery/token/token_test.go,177,REDACTED,cmd/kubeadm/app/discovery/token/token_test.go:generic-api-key:177,FP,literal placeholder
kubernetes,b2ec8b6fefac,gitleaks,generic-api-key,,cmd/kubeadm/app/discovery/token/token_test.go,180,REDACTED,cmd/kubeadm/app/discovery/token/token_test.go:generic-api-key:180,FP,literal placeholder
kubernetes,b2ec8b6fefac,gitleaks,generic-api-key,,cmd/kubeadm/app/discovery/token/token_test.go,194,REDACTED,cmd/kubeadm/app/discovery/token/token_test.go:generic-api-key:194,FP,literal placeholder
kubernetes,b2ec8b6fefac,gitleaks,generic-api-key,,cmd/kubeadm/app/phases/upgrade/staticpods_test.go,69,REDACTED,cmd/kubeadm/app/phases/upgrade/staticpods_test.go:generic-api-key:69,TP,bearer token (test fixture)
kubernetes,b2ec8b6fefac,gitleaks,private-key,,cmd/kubeadm/app/preflight/checks_test.go,122,REDACTED,cmd/kubeadm/app/preflight/checks_test.go:private-key:122,TP,private key material (test fixture)
kubernetes,b2ec8b6fefac,gitleaks,generic-api-key,,cmd/kubeadm/app/util/config/common_test.go,300,REDACTED,cmd/kubeadm/app/util/config/common_test.go:generic-api-key:300,FP,literal placeholder
kubernetes,b2ec8b6fefac,gitleaks,generic-api-key,,cmd/kubeadm/app/util/config/common_test.go,335,REDACTED,cmd/kubeadm/app/util/config/common_test.go:generic-api-key:335,FP,literal placeholder
kubernetes,b2ec8b6fefac,gitleaks,generic-api-key,,cmd/kubeadm/app/util/config/common_test.go,357,REDACTED,cmd/kubeadm/app/util/config/common_test.go:generic-api-key:357,FP,literal placeholder
kubernetes,b2ec8b6fefac,gitleaks,generic-api-key,,cmd/kubeadm/app/util/config/common_test.go,382,REDACTED,cmd/kubeadm/app/util/config/common_test.go:generic-api-key:382,FP,literal placeholder
kubernetes,b2ec8b6fefac,gitleaks,generic-api-key,,cmd/kubeadm/app/util/config/common_test.go,407,REDACTED,cmd/kubeadm/app/util/config/common_test.go:generic-api-key:407,FP,literal placeholder
kubernetes,b2ec8b6fefac,gitleaks,generic-api-key,,cmd/kubeadm/app/util/config/initconfiguration.go,54,REDACTED,cmd/kubeadm/app/util/config/initconfiguration.go:generic-api-key:54,FP,literal placeholder
kubernetes,b2ec8b6fefac,gitleaks,generic-api-key,,cmd/kubeadm/app/util/config/joinconfiguration_test.go,63,REDACTED,cmd/kubeadm/app/util/config/joinconfiguration_test.go:generic-api-key:63,FP,literal placeholder
kubernetes,b2ec8b6fefac,gitleaks,generic-api-key,,cmd/kubeadm/app/util/config/joinconfiguration_test.go,80,REDACTED,cmd/kubeadm/app/util/config/joinconfiguration_test.go:generic-api-key:80,FP,literal placeholder
kubernetes,b2ec8b6fefac,gitleaks,generic-api-key,,cmd/kubeadm/app/util/config/joinconfiguration_test.go,98,REDACTED,cmd/kubeadm/app/util/config/joinconfiguration_test.go:generic-api-key:98,FP,literal placeholder
kubernetes,b2ec8b6fefac,gitleaks,generic-api-key,,cmd/kubeadm/app/util/config/joinconfiguration_test.go,114,REDACTED,cmd/kubeadm/app/util/config/joinconfiguration_test.go:generic-api-key:114,FP,literal placeholder
kubernetes,b2ec8b6fefac,gitleaks,generic-api-key,,cmd/kubeadm/app/util/config/joinconfiguration_test.go,175,REDACTED,cmd/kubeadm/app/util/config/joinconfiguration_test.go:generic-api-key:175,FP,literal placeholder
kubernetes,b2ec8b6fefac,gitleaks,generic-api-key,,cmd/kubeadm/app/util/config/joinconfiguration_test.go,176,REDACTED,cmd/kubeadm/app/util/config/joinconfiguration_test.go:generic-api-key:176,FP,literal placeholder
kubernetes,b2ec8b6fefac,gitleaks,generic-api-key,,cmd/kubeadm/app/util/config/strict/testdata/invalid_duplicate_field_initcfg.yaml,4,REDACTED,cmd/kubeadm/app/util/config/strict/testdata/invalid_duplicate_field_initcfg.yaml:generic-api-key:4,FP,documentation example
kubernetes,b2ec8b6fefac,gitleaks,generic-api-key,,cmd/kubeadm/app/util/config/strict/testdata/invalid_duplicate_field_initcfg.yaml,6,REDACTED,cmd/kubeadm/app/util/config/strict/testdata/invalid_duplicate_field_initcfg.yaml:generic-api-key:6,FP,documentation example
kubernetes,b2ec8b6fefac,gitleaks,generic-api-key,,cmd/kubeadm/app/util/config/strict/testdata/valid_initcfg.yaml,4,REDACTED,cmd/kubeadm/app/util/config/strict/testdata/valid_initcfg.yaml:generic-api-key:4,FP,documentation example
kubernetes,b2ec8b6fefac,gitleaks,private-key,,cmd/kubeadm/app/util/pkiutil/testing/testdata/1.rsa.key,1,REDACTED,cmd/kubeadm/app/util/pkiutil/testing/testdata/1.rsa.key:private-key:1,TP,private key material (test fixture)
kubernetes,b2ec8b6fefac,gitleaks,private-key,,cmd/kubeadm/app/util/pkiutil/testing/testdata/10.rsa.key,1,REDACTED,cmd/kubeadm/app/util/pkiutil/testing/testdata/10.rsa.key:private-key:1,TP,private key material (test fixture)
kubernetes,b2ec8b6fefac,gitleaks,private-key,,cmd/kubeadm/app/util/pkiutil/testing/testdata/11.rsa.key,1,REDACTED,cmd/kubeadm/app/util/pkiutil/testing/testdata/11.rsa.key:private-key:1,TP,private key material (test fixture)
kubernetes,b2ec8b6fefac,gitleaks,private-key,,cmd/kubeadm/app/util/pkiutil/testing/testdata/12.rsa.key,1,REDACTED,cmd/kubeadm/app/util/pkiutil/testing/testdata/12.rsa.key:private-key:1,TP,private key material (test fixture)
kubernetes,b2ec8b6fefac,gitleaks,private-key,,cmd/kubeadm/app/util/pkiutil/testing/testdata/13.rsa.key,1,REDACTED,cmd/kubeadm/app/util/pkiutil/testing/testdata/13.rsa.key:private-key:1,TP,private key material (test fixture)
kubernetes,b2ec8b6fefac,gitleaks,private-key,,cmd/kubeadm/app/util/pkiutil/testing/testdata/14.rsa.key,1,REDACTED,cmd/kubeadm/app/util/pkiutil/testing/testdata/14.rsa.key:private-key:1,TP,private key material (test fixture)
kubernetes,b2ec8b6fefac,gitleaks,private-key,,cmd/kubeadm/app/util/pkiutil/testing/testdata/15.rsa.key,1,REDACTED,cmd/kubeadm/app/util/pkiutil/testing/testdata/15.rsa.key:private-key:1,TP,private key material (test fixture)
kubernetes,b2ec8b6fefac,gitleaks,private-key,,cmd/kubeadm/app/util/pkiutil/testing/testdata/16.rsa.key,1,REDACTED,cmd/kubeadm/app/util/pkiutil/testing/testdata/16.rsa.key:private-key:1,TP,private key material (test fixture)
kubernetes,b2ec8b6fefac,gitleaks,private-key,,cmd/kubeadm/app/util/pkiutil/testing/testdata/17.rsa.key,1,REDACTED,cmd/kubeadm/app/util/pkiutil/testing/testdata/17.rsa.key:private-key:1,TP,private key material (test fixture)
kubernetes,b2ec8b6fefac,gitleaks,private-key,,cmd/kubeadm/app/util/pkiutil/testing/testdata/18.rsa.key,1,REDACTED,cmd/kubeadm/app/util/pkiutil/testing/testdata/18.rsa.key:private-key:1,TP,private key material (test fixture)
kubernetes,b2ec8b6fefac,gitleaks,private-key,,cmd/kubeadm/app/util/pkiutil/testing/testdata/19.rsa.key,1,REDACTED,cmd/kubeadm/app/util/pkiutil/testing/testdata/19.rsa.key:private-key:1,TP,private key material (test fixture)
kubernetes,b2ec8b6fefac,gitleaks,private-key,,cmd/kubeadm/app/util/pkiutil/testing/testdata/2.rsa.key,1,REDACTED,cmd/kubeadm/app/util/pkiutil/testing/testdata/2.rsa.key:private-key:1,TP,private key material (test fixture)
kubernetes,b2ec8b6fefac,gitleaks,private-key,,cmd/kubeadm/app/util/pkiutil/testing/testdata/20.rsa.key,1,REDACTED,cmd/kubeadm/app/util/pkiutil/testing/testdata/20.rsa.key:private-key:1,TP,private key material (test fixture)
kubernetes,b2ec8b6fefac,gitleaks,private-key,,cmd/kubeadm/app/util/pkiutil/testing/testdata/21.rsa.key,1,REDACTED,cmd/kubeadm/app/util/pkiutil/testing/testdata/21.rsa.key:private-key:1,TP,private key material (test fixture)
kubernetes,b2ec8b6fefac,gitleaks,private-key,,cmd/kubeadm/app/util/pkiutil/testing/testdata/22.rsa.key,1,REDACTED,cmd/kubeadm/app/util/pkiutil/testing/testdata/22.rsa.key:private-key:1,TP,private key material (test fixture)
kubernetes,b2ec8b6fefac,gitleaks,private-key,,cmd/kubeadm/app/util/pkiutil/testing/testdata/23.rsa.key,1,REDACTED,cmd/kubeadm/app/util/pkiutil/testing/testdata/23.rsa.key:private-key:1,TP,private key material (test fixture)
kubernetes,b2ec8b6fefac,gitleaks,private-key,,cmd/kubeadm/app/util/pkiutil/testing/testdata/24.rsa.key,1,REDACTED,cmd/kubeadm/app/util/pkiutil/testing/testdata/24.rsa.key:private-key:1,TP,private key material (test fixture)
kubernetes,b2ec8b6fefac,gitleaks,private-key,,cmd/kubeadm/app/util/pkiutil/testing/testdata/25.rsa.key,1,REDACTED,cmd/kubeadm/app/util/pkiutil/testing/testdata/25.rsa.key:private-key:1,TP,private key material (test fixture)
kubernetes,b2ec8b6fefac,gitleaks,private-key,,cmd/kubeadm/app/util/pkiutil/testing/testdata/3.rsa.key,1,REDACTED,cmd/kubeadm/app/util/pkiutil/testing/testdata/3.rsa.key:private-key:1,TP,private key material (test fixture)
kubernetes,b2ec8b6fefac,gitleaks,private-key,,cmd/kubeadm/app/util/pkiutil/testing/testdata/4.rsa.key,1,REDACTED,cmd/kubeadm/app/util/pkiutil/testing/testdata/4.rsa.key:private-key:1,TP,private key material (test fixture)
kubernetes,b2ec8b6fefac,gitleaks,private-key,,cmd/kubeadm/app/util/pkiutil/testing/testdata/5.rsa.key,1,REDACTED,cmd/kubeadm/app/util/pkiutil/testing/testdata/5.rsa.key:private-key:1,TP,private key material (test fixture)
kubernetes,b2ec8b6fefac,gitleaks,private-key,,cmd/kubeadm/app/util/pkiutil/testing/testdata/6.rsa.key,1,REDACTED,cmd/kubeadm/app/util/pkiutil/testing/testdata/6.rsa.key:private-key:1,TP,private key material (test fixture)
kubernetes,b2ec8b6fefac,gitleaks,private-key,,cmd/kubeadm/app/util/pkiutil/testing/testdata/7.rsa.key,1,REDACTED,cmd/kubeadm/app/util/pkiutil/testing/testdata/7.rsa.key:private-key:1,TP,private key material (test fixture)
kubernetes,b2ec8b6fefac,gitleaks,private-key,,cmd/kubeadm/app/util/pkiutil/testing/testdata/8.rsa.key,1,REDACTED,cmd/kubeadm/app/util/pkiutil/testing/testdata/8.rsa.key:private-key:1,TP,private key material (test fixture)
kubernetes,b2ec8b6fefac,gitleaks,private-key,,cmd/kubeadm/app/util/pkiutil/testing/testdata/9.rsa.key,1,REDACTED,cmd/kubeadm/app/util/pkiutil/testing/testdata/9.rsa.key:private-key:1,TP,private key material (test fixture)
kubernetes,b2ec8b6fefac,gitleaks,private-key,,hack/testdata/auth/testuser.key,4,REDACTED,hack/testdata/auth/testuser.key:private-key:4,TP,private key material (test fixture)
kubernetes,b2ec8b6fefac,gitleaks,private-key,,hack/testdata/ca/ca.key,4,REDACTED,hack/testdata/ca/ca.key:private-key:4,TP,private key material (test fixture)
kubernetes,b2ec8b6fefac,gitleaks,kubernetes-secret-yaml,,hack/testdata/secret.yaml,2,REDACTED,hack/testdata/secret.yaml:kubernetes-secret-yaml:2,FP,literal placeholder
kubernetes,b2ec8b6fefac,gitleaks,private-key,,hack/testdata/tls.key,1,REDACTED,hack/testdata/tls.key:private-key:1,TP,private key material (test fixture)
kubernetes,b2ec8b6fefac,gitleaks,curl-auth-header,,hack/update-openapi-spec.sh,110,REDACTED,hack/update-openapi-spec.sh:curl-auth-header:110,FP,literal placeholder
kubernetes,b2ec8b6fefac,gitleaks,curl-auth-header,,hack/update-openapi-spec.sh,115,REDACTED,hack/update-openapi-spec.sh:curl-auth-header:115,FP,literal placeholder
kubernetes,b2ec8b6fefac,gitleaks,curl-auth-header,,hack/update-openapi-spec.sh,128,REDACTED,hack/update-openapi-spec.sh:curl-auth-header:128,FP,literal placeholder
kubernetes,b2ec8b6fefac,gitleaks,curl-auth-header,,hack/update-openapi-spec.sh,136,REDACTED,hack/update-openapi-spec.sh:curl-auth-header:136,FP,literal placeholder
kubernetes,b2ec8b6fefac,gitleaks,curl-auth-header,,hack/update-openapi-spec.sh,145,REDACTED,hack/update-openapi-spec.sh:curl-auth-header:145,FP,literal placeholder
kubernetes,b2ec8b6fefac,gitleaks,generic-api-key,,pkg/apis/core/validation/validation_test.go,23951,REDACTED,pkg/apis/core/validation/validation_test.go:generic-api-key:23951,FP,long identifier or type name
kubernetes,b2ec8b6fefac,gitleaks,generic-api-key,,pkg/apis/core/validation/validation_test.go,23960,REDACTED,pkg/apis/core/validation/validation_test.go:generic-api-key:23960,FP,long identifier or type name
kubernetes,b2ec8b6fefac,gitleaks,generic-api-key,,pkg/controller/bootstrap/bootstrapsigner_test.go,94,REDACTED,pkg/controller/bootstrap/bootstrapsigner_test.go:generic-api-key:94,FP,"detached signature, not a credential"
kubernetes,b2ec8b6fefac,gitleaks,generic-api-key,,pkg/controller/bootstrap/bootstrapsigner_test.go,106,REDACTED,pkg/controller/bootstrap/bootstrapsigner_test.go:generic-api-key:106,FP,"detached signature, not a credential"
kubernetes,b2ec8b6fefac,gitleaks,generic-api-key,,pkg/controller/bootstrap/bootstrapsigner_test.go,136,REDACTED,pkg/controller/bootstrap/bootstrapsigner_test.go:generic-api-key:136,FP,"detached signature, not a credential"
kubernetes,b2ec8b6fefac,gitleaks,private-key,,pkg/controller/certificates/signer/testdata/ca.key,1,REDACTED,pkg/controller/certificates/signer/testdata/ca.key:private-key:1,TP,private key material (test fixture)
kubernetes,b2ec8b6fefac,gitleaks,private-key,,pkg/controlplane/apiserver/samples/generic/server/testing/testdata/127.0.0.1__localhost.key,1,REDACTED,pkg/controlplane/apiserver/samples/generic/server/testing/testdata/127.0.0.1__localhost.key:private-key:1,TP,private key material (test fixture)
kubernetes,b2ec8b6fefac,gitleaks,private-key,,pkg/controlplane/apiserver/samples/generic/server/testing/testserver.go,59,REDACTED,pkg/controlplane/apiserver/samples/generic/server/testing/testserver.go:private-key:59,TP,private key material (test fixture)
kubernetes,b2ec8b6fefac,gitleaks,generic-api-key,,pkg/credentialprovider/config_test.go,154,REDACTED,pkg/credentialprovider/config_test.go:generic-api-key:154,FP,literal placeholder
kubernetes,b2ec8b6fefac,gitleaks,generic-api-key,,pkg/credentialprovider/secrets/secrets_test.go,63,REDACTED,pkg/credentialprovider/secrets/secrets_test.go:generic-api-key:63,FP,literal placeholder
kubernetes,b2ec8b6fefac,gitleaks,generic-api-key,,pkg/credentialprovider/secrets/secrets_test.go,77,REDACTED,pkg/credentialprovider/secrets/secrets_test.go:generic-api-key:77,FP,digest or checksum
kubernetes,b2ec8b6fefac,gitleaks,generic-api-key,,pkg/credentialprovider/secrets/secrets_test.go,91,REDACTED,pkg/credentialprovider/secrets/secrets_test.go:generic-api-key:91,FP,literal placeholder
kubernetes,b2ec8b6fefac,gitleaks,generic-api-key,,pkg/credentialprovider/secrets/secrets_test.go,105,REDACTED,pkg/credentialprovider/secrets/secrets_test.go:generic-api-key:105,FP,digest or checksum
kubernetes,b2ec8b6fefac,gitleaks,generic-api-key,,pkg/credentialprovider/secrets/secrets_test.go,133,REDACTED,pkg/credentialprovider/secrets/secrets_test.go:generic-api-key:133,FP,digest or checksum
kubernetes,b2ec8b6fefac,gitleaks,generic-api-key,,pkg/credentialprovider/secrets/secrets_test.go,161,REDACTED,pkg/credentialprovider/secrets/secrets_test.go:generic-api-key:161,FP,digest or checksum
kubernetes,b2ec8b6fefac,gitleaks,generic-api-key,,pkg/credentialprovider/secrets/secrets_test.go,176,REDACTED,pkg/credentialprovider/secrets/secrets_test.go:generic-api-key:176,FP,literal placeholder
kubernetes,b2ec8b6fefac,gitleaks,generic-api-key,,pkg/credentialprovider/secrets/secrets_test.go,192,REDACTED,pkg/credentialprovider/secrets/secrets_test.go:generic-api-key:192,FP,literal placeholder
kubernetes,b2ec8b6fefac,gitleaks,generic-api-key,,pkg/credentialprovider/secrets/secrets_test.go,217,REDACTED,pkg/credentialprovider/secrets/secrets_test.go:generic-api-key:217,FP,literal placeholder
kubernetes,b2ec8b6fefac,gitleaks,generic-api-key,,pkg/credentialprovider/secrets/secrets_test.go,251,REDACTED,pkg/credentialprovider/secrets/secrets_test.go:generic-api-key:251,FP,literal placeholder
kubernetes,b2ec8b6fefac,gitleaks,generic-api-key,,pkg/credentialprovider/secrets/secrets_test.go,310,REDACTED,pkg/credentialprovider/secrets/secrets_test.go:generic-api-key:310,FP,literal placeholder
kubernetes,b2ec8b6fefac,gitleaks,generic-api-key,,pkg/credentialprovider/secrets/secrets_test.go,324,REDACTED,pkg/credentialprovider/secrets/secrets_test.go:generic-api-key:324,FP,digest or checksum
kubernetes,b2ec8b6fefac,gitleaks,private-key,,pkg/kubelet/certificate/bootstrap/testdata/mycertinvalid.key,1,REDACTED,pkg/kubelet/certificate/bootstrap/testdata/mycertinvalid.key:private-key:1,TP,private key material (test fixture)
kubernetes,b2ec8b6fefac,gitleaks,private-key,,pkg/kubelet/certificate/bootstrap/testdata/mycertvalid.key,1,REDACTED,pkg/kubelet/certificate/bootstrap/testdata/mycertvalid.key:private-key:1,TP,private key material (test fixture)
kubernetes,b2ec8b6fefac,gitleaks,private-key,,pkg/kubelet/certificate/transport_test.go,51,REDACTED,pkg/kubelet/certificate/transport_test.go:private-key:51,TP,private key material (test fixture)
kubernetes,b2ec8b6fefac,gitleaks,private-key,,pkg/kubelet/certificate/transport_test.go,78,REDACTED,pkg/kubelet/certificate/transport_test.go:private-key:78,TP,private key material (test fixture)
kubernetes,b2ec8b6fefac,gitleaks,private-key,,pkg/kubelet/client/testdata/myCA.key,1,REDACTED,pkg/kubelet/client/testdata/myCA.key:private-key:1,TP,private key material (test fixture)
kubernetes,b2ec8b6fefac,gitleaks,private-key,,pkg/kubelet/client/testdata/mycertvalid.key,1,REDACTED,pkg/kubelet/client/testdata/mycertvalid.key:private-key:1,TP,private key material (test fixture)
kubernetes,b2ec8b6fefac,gitleaks,generic-api-key,,pkg/kubelet/images/image_manager_test.go,1424,REDACTED,pkg/kubelet/images/image_manager_test.go:generic-api-key:1424,FP,literal placeholder
kubernetes,b2ec8b6fefac,gitleaks,generic-api-key,,pkg/kubelet/kuberuntime/kuberuntime_image_test.go,283,REDACTED,pkg/kubelet/kuberuntime/kuberuntime_image_test.go:generic-api-key:283,FP,long identifier or type name
kubernetes,b2ec8b6fefac,gitleaks,generic-api-key,,pkg/kubelet/kuberuntime/kuberuntime_image_test.go,401,REDACTED,pkg/kubelet/kuberuntime/kuberuntime_image_test.go:generic-api-key:401,FP,long identifier or type name
kubernetes,b2ec8b6fefac,gitleaks,private-key,,pkg/kubelet/util/env/env_util_test.go,542,REDACTED,pkg/kubelet/util/env/env_util_test.go:private-key:542,TP,private key material (test fixture)
kubernetes,b2ec8b6fefac,gitleaks,private-key,,pkg/kubelet/util/env/env_util_test.go,554,REDACTED,pkg/kubelet/util/env/env_util_test.go:private-key:554,TP,private key material (test fixture)
kubernetes,b2ec8b6fefac,gitleaks,generic-api-key,,pkg/registry/scheduling/compositepodgroup/strategy_test.go,477,REDACTED,pkg/registry/scheduling/compositepodgroup/strategy_test.go:generic-api-key:477,FP,long identifier or type name
kubernetes,b2ec8b6fefac,gitleaks,generic-api-key,,pkg/registry/scheduling/podgroup/storage/storage_test.go,81,REDACTED,pkg/registry/scheduling/podgroup/storage/storage_test.go:generic-api-key:81,FP,long identifier or type name
kubernetes,b2ec8b6fefac,gitleaks,generic-api-key,,pkg/registry/scheduling/podgroup/storage/storage_test.go,230,REDACTED,pkg/registry/scheduling/podgroup/storage/storage_test.go:generic-api-key:230,FP,long identifier or type name
kubernetes,b2ec8b6fefac,gitleaks,generic-api-key,,pkg/registry/scheduling/podgroup/strategy_test.go,476,REDACTED,pkg/registry/scheduling/podgroup/strategy_test.go:generic-api-key:476,FP,long identifier or type name
kubernetes,b2ec8b6fefac,gitleaks,generic-api-key,,pkg/registry/scheduling/workload/storage/storage_test.go,73,REDACTED,pkg/registry/scheduling/workload/storage/storage_test.go:generic-api-key:73,FP,long identifier or type name
kubernetes,b2ec8b6fefac,gitleaks,generic-api-key,,pkg/scheduler/framework/plugins/dynamicresources/nodeallocatabledynamicresources_test.go,409,REDACTED,pkg/scheduler/framework/plugins/dynamicresources/nodeallocatabledynamicresources_test.go:generic-api-key:409,FP,long identifier or type name
kubernetes,b2ec8b6fefac,gitleaks,generic-api-key,,pkg/scheduler/framework/plugins/dynamicresources/nodeallocatabledynamicresources_test.go,443,REDACTED,pkg/scheduler/framework/plugins/dynamicresources/nodeallocatabledynamicresources_test.go:generic-api-key:443,FP,long identifier or type name
kubernetes,b2ec8b6fefac,gitleaks,private-key,,pkg/serviceaccount/jwt_test.go,73,REDACTED,pkg/serviceaccount/jwt_test.go:private-key:73,TP,private key material (test fixture)
kubernetes,b2ec8b6fefac,gitleaks,private-key,,pkg/serviceaccount/jwt_test.go,104,REDACTED,pkg/serviceaccount/jwt_test.go:private-key:104,TP,private key material (test fixture)
kubernetes,b2ec8b6fefac,gitleaks,private-key,,plugin/pkg/admission/imagepolicy/certs_test.go,64,REDACTED,plugin/pkg/admission/imagepolicy/certs_test.go:private-key:64,TP,private key material (test fixture)
kubernetes,b2ec8b6fefac,gitleaks,private-key,,plugin/pkg/admission/imagepolicy/certs_test.go,112,REDACTED,plugin/pkg/admission/imagepolicy/certs_test.go:private-key:112,TP,private key material (test fixture)
kubernetes,b2ec8b6fefac,gitleaks,generic-api-key,,plugin/pkg/auth/authorizer/rbac/bootstrappolicy/controller_policy_test.go,231,REDACTED,plugin/pkg/auth/authorizer/rbac/bootstrappolicy/controller_policy_test.go:generic-api-key:231,FP,long identifier or type name
kubernetes,b2ec8b6fefac,gitleaks,generic-api-key,,staging/src/k8s.io/api/certificates/v1/doc.go,21,REDACTED,staging/src/k8s.io/api/certificates/v1/doc.go:generic-api-key:21,FP,documentation example
kubernetes,b2ec8b6fefac,gitleaks,generic-api-key,,staging/src/k8s.io/api/coordination/v1/doc.go,21,REDACTED,staging/src/k8s.io/api/coordination/v1/doc.go:generic-api-key:21,FP,documentation example
kubernetes,b2ec8b6fefac,gitleaks,generic-api-key,,staging/src/k8s.io/api/rbac/v1/doc.go,21,REDACTED,staging/src/k8s.io/api/rbac/v1/doc.go:generic-api-key:21,FP,documentation example
kubernetes,b2ec8b6fefac,gitleaks,generic-api-key,,staging/src/k8s.io/api/scheduling/v1/doc.go,21,REDACTED,staging/src/k8s.io/api/scheduling/v1/doc.go:generic-api-key:21,FP,documentation example
kubernetes,b2ec8b6fefac,gitleaks,private-key,,staging/src/k8s.io/apiextensions-apiserver/pkg/cmd/server/testing/testdata/localhost_127.0.0.1_localhost.key,1,REDACTED,staging/src/k8s.io/apiextensions-apiserver/pkg/cmd/server/testing/testdata/localhost_127.0.0.1_localhost.key:private-key:1,TP,private key material (test fixture)
kubernetes,b2ec8b6fefac,gitleaks,private-key,,staging/src/k8s.io/apiextensions-apiserver/test/integration/apiserver.local.config/certificates/apiserver.key,1,REDACTED,staging/src/k8s.io/apiextensions-apiserver/test/integration/apiserver.local.config/certificates/apiserver.key:private-key:1,TP,private key material (test fixture)
kubernetes,b2ec8b6fefac,gitleaks,private-key,,staging/src/k8s.io/apiextensions-apiserver/test/integration/conversion/webhook.go,236,REDACTED,staging/src/k8s.io/apiextensions-apiserver/test/integration/conversion/webhook.go:private-key:236,TP,private key material (test fixture)
kubernetes,b2ec8b6fefac,gitleaks,generic-api-key,,staging/src/k8s.io/apimachinery/pkg/labels/selector_test.go,984,REDACTED,staging/src/k8s.io/apimachinery/pkg/labels/selector_test.go:generic-api-key:984,FP,long identifier or type name
kubernetes,b2ec8b6fefac,gitleaks,private-key,,staging/src/k8s.io/apimachinery/pkg/util/proxy/dial_test.go,203,REDACTED,staging/src/k8s.io/apimachinery/pkg/util/proxy/dial_test.go:private-key:203,TP,private key material (test fixture)
kubernetes,b2ec8b6fefac,gitleaks,private-key,,staging/src/k8s.io/apimachinery/pkg/util/proxy/upgradeaware_test.go,1235,REDACTED,staging/src/k8s.io/apimachinery/pkg/util/proxy/upgradeaware_test.go:private-key:1235,TP,private key material (test fixture)
kubernetes,b2ec8b6fefac,gitleaks,private-key,,staging/src/k8s.io/apiserver/pkg/admission/plugin/webhook/testcerts/certs.go,22,REDACTED,staging/src/k8s.io/apiserver/pkg/admission/plugin/webhook/testcerts/certs.go:private-key:22,TP,private key material (test fixture)
kubernetes,b2ec8b6fefac,gitleaks,private-key,,staging/src/k8s.io/apiserver/pkg/admission/plugin/webhook/testcerts/certs.go,71,REDACTED,staging/src/k8s.io/apiserver/pkg/admission/plugin/webhook/testcerts/certs.go:private-key:71,TP,private key material (test fixture)
kubernetes,b2ec8b6fefac,gitleaks,private-key,,staging/src/k8s.io/apiserver/pkg/admission/plugin/webhook/testcerts/certs.go,120,REDACTED,staging/src/k8s.io/apiserver/pkg/admission/plugin/webhook/testcerts/certs.go:private-key:120,TP,private key material (test fixture)
kubernetes,b2ec8b6fefac,gitleaks,private-key,,staging/src/k8s.io/apiserver/pkg/admission/plugin/webhook/testcerts/certs.go,169,REDACTED,staging/src/k8s.io/apiserver/pkg/admission/plugin/webhook/testcerts/certs.go:private-key:169,TP,private key material (test fixture)
kubernetes,b2ec8b6fefac,gitleaks,generic-api-key,,staging/src/k8s.io/apiserver/pkg/apis/apiserver/types_encryption.go,54,REDACTED,staging/src/k8s.io/apiserver/pkg/apis/apiserver/types_encryption.go:generic-api-key:54,FP,literal placeholder
kubernetes,b2ec8b6fefac,gitleaks,generic-api-key,,staging/src/k8s.io/apiserver/pkg/apis/apiserver/types_encryption.go,61,REDACTED,staging/src/k8s.io/apiserver/pkg/apis/apiserver/types_encryption.go:generic-api-key:61,FP,literal placeholder
kubernetes,b2ec8b6fefac,gitleaks,generic-api-key,,staging/src/k8s.io/apiserver/pkg/apis/apiserver/types_encryption.go,68,REDACTED,staging/src/k8s.io/apiserver/pkg/apis/apiserver/types_encryption.go:generic-api-key:68,FP,literal placeholder
kubernetes,b2ec8b6fefac,gitleaks,generic-api-key,,staging/src/k8s.io/apiserver/pkg/apis/apiserver/v1/types_encryption.go,54,REDACTED,staging/src/k8s.io/apiserver/pkg/apis/apiserver/v1/types_encryption.go:generic-api-key:54,FP,literal placeholder
kubernetes,b2ec8b6fefac,gitleaks,generic-api-key,,staging/src/k8s.io/apiserver/pkg/apis/apiserver/v1/types_encryption.go,61,REDACTED,staging/src/k8s.io/apiserver/pkg/apis/apiserver/v1/types_encryption.go:generic-api-key:61,FP,literal placeholder
kubernetes,b2ec8b6fefac,gitleaks,generic-api-key,,staging/src/k8s.io/apiserver/pkg/apis/apiserver/v1/types_encryption.go,68,REDACTED,staging/src/k8s.io/apiserver/pkg/apis/apiserver/v1/types_encryption.go:generic-api-key:68,FP,literal placeholder
kubernetes,b2ec8b6fefac,gitleaks,generic-api-key,,staging/src/k8s.io/apiserver/pkg/apis/apiserver/validation/validation_encryption_test.go,61,REDACTED,staging/src/k8s.io/apiserver/pkg/apis/apiserver/validation/validation_encryption_test.go:generic-api-key:61,TP,symmetric key material (test fixture)
kubernetes,b2ec8b6fefac,gitleaks,generic-api-key,,staging/src/k8s.io/apiserver/pkg/apis/apiserver/validation/validation_encryption_test.go,89,REDACTED,staging/src/k8s.io/apiserver/pkg/apis/apiserver/validation/validation_encryption_test.go:generic-api-key:89,TP,symmetric key material (test fixture)
kubernetes,b2ec8b6fefac,gitleaks,generic-api-key,,staging/src/k8s.io/apiserver/pkg/apis/apiserver/validation/validation_encryption_test.go,95,REDACTED,staging/src/k8s.io/apiserver/pkg/apis/apiserver/validation/validation_encryption_test.go:generic-api-key:95,TP,symmetric key material (test fixture)
kubernetes,b2ec8b6fefac,gitleaks,generic-api-key,,staging/src/k8s.io/apiserver/pkg/apis/apiserver/validation/validation_encryption_test.go,108,REDACTED,staging/src/k8s.io/apiserver/pkg/apis/apiserver/validation/validation_encryption_test.go:generic-api-key:108,TP,symmetric key material (test fixture)
kubernetes,b2ec8b6fefac,gitleaks,generic-api-key,,staging/src/k8s.io/apiserver/pkg/apis/apiserver/validation/validation_encryption_test.go,114,REDACTED,staging/src/k8s.io/apiserver/pkg/apis/apiserver/validation/validation_encryption_test.go:generic-api-key:114,TP,symmetric key material (test fixture)
kubernetes,b2ec8b6fefac,gitleaks,generic-api-key,,staging/src/k8s.io/apiserver/pkg/apis/apiserver/validation/validation_encryption_test.go,129,REDACTED,staging/src/k8s.io/apiserver/pkg/apis/apiserver/validation/validation_encryption_test.go:generic-api-key:129,TP,symmetric key material (test fixture)
kubernetes,b2ec8b6fefac,gitleaks,generic-api-key,,staging/src/k8s.io/apiserver/pkg/apis/apiserver/validation/validation_encryption_test.go,942,REDACTED,staging/src/k8s.io/apiserver/pkg/apis/apiserver/validation/validation_encryption_test.go:generic-api-key:942,FP,literal placeholder
kubernetes,b2ec8b6fefac,gitleaks,generic-api-key,,staging/src/k8s.io/apiserver/pkg/apis/apiserver/validation/validation_encryption_test.go,946,REDACTED,staging/src/k8s.io/apiserver/pkg/apis/apiserver/validation/validation_encryption_test.go:generic-api-key:946,FP,literal placeholder
kubernetes,b2ec8b6fefac,gitleaks,jwt,,staging/src/k8s.io/apiserver/pkg/authentication/token/cache/cached_token_authenticator_test.go,149,REDACTED,staging/src/k8s.io/apiserver/pkg/authentication/token/cache/cached_token_authenticator_test.go:jwt:149,TP,bearer token (test fixture)
kubernetes,b2ec8b6fefac,gitleaks,private-key,,staging/src/k8s.io/apiserver/pkg/server/dynamiccertificates/tlsconfig_test.go,26,REDACTED,staging/src/k8s.io/apiserver/pkg/server/dynamiccertificates/tlsconfig_test.go:private-key:26,TP,private key material (test fixture)
kubernetes,b2ec8b6fefac,gitleaks,private-key,,staging/src/k8s.io/apiserver/pkg/server/filters/timeout_test.go,567,REDACTED,staging/src/k8s.io/apiserver/pkg/server/filters/timeout_test.go:private-key:567,TP,private key material (test fixture)
kubernetes,b2ec8b6fefac,gitleaks,private-key,,staging/src/k8s.io/apiserver/pkg/server/graceful_shutdown_test.go,65,REDACTED,staging/src/k8s.io/apiserver/pkg/server/graceful_shutdown_test.go:private-key:65,TP,private key material (test fixture)
kubernetes,b2ec8b6fefac,gitleaks,generic-api-key,,staging/src/k8s.io/apiserver/pkg/server/options/encryptionconfig/config_test.go,158,REDACTED,staging/src/k8s.io/apiserver/pkg/server/options/encryptionconfig/config_test.go:generic-api-key:158,FP,literal placeholder
kubernetes,b2ec8b6fefac,gitleaks,generic-api-key,,staging/src/k8s.io/apiserver/pkg/server/options/encryptionconfig/config_test.go,159,REDACTED,staging/src/k8s.io/apiserver/pkg/server/options/encryptionconfig/config_test.go:generic-api-key:159,FP,literal placeholder
kubernetes,b2ec8b6fefac,gitleaks,generic-api-key,,staging/src/k8s.io/apiserver/pkg/server/options/encryptionconfig/config_test.go,171,REDACTED,staging/src/k8s.io/apiserver/pkg/server/options/encryptionconfig/config_test.go:generic-api-key:171,FP,literal placeholder
kubernetes,b2ec8b6fefac,gitleaks,generic-api-key,,staging/src/k8s.io/apiserver/pkg/server/options/encryptionconfig/config_test.go,172,REDACTED,staging/src/k8s.io/apiserver/pkg/server/options/encryptionconfig/config_test.go:generic-api-key:172,FP,literal placeholder
kubernetes,b2ec8b6fefac,gitleaks,generic-api-key,,staging/src/k8s.io/apiserver/pkg/server/options/encryptionconfig/config_test.go,177,REDACTED,staging/src/k8s.io/apiserver/pkg/server/options/encryptionconfig/config_test.go:generic-api-key:177,FP,literal placeholder
kubernetes,b2ec8b6fefac,gitleaks,generic-api-key,,staging/src/k8s.io/apiserver/pkg/server/options/encryptionconfig/testdata/invalid-configs/invalid-typo.yaml,10,REDACTED,staging/src/k8s.io/apiserver/pkg/server/options/encryptionconfig/testdata/invalid-configs/invalid-typo.yaml:generic-api-key:10,FP,literal placeholder
kubernetes,b2ec8b6fefac,gitleaks,generic-api-key,,staging/src/k8s.io/apiserver/pkg/server/options/encryptionconfig/testdata/invalid-configs/invalid-typo.yaml,12,REDACTED,staging/src/k8s.io/apiserver/pkg/server/options/encryptionconfig/testdata/invalid-configs/invalid-typo.yaml:generic-api-key:12,FP,literal placeholder
kubernetes,b2ec8b6fefac,gitleaks,generic-api-key,,staging/src/k8s.io/apiserver/pkg/server/options/encryptionconfig/testdata/invalid-configs/invalid-typo.yaml,16,REDACTED,staging/src/k8s.io/apiserver/pkg/server/options/encryptionconfig/testdata/invalid-configs/invalid-typo.yaml:generic-api-key:16,FP,literal placeholder
kubernetes,b2ec8b6fefac,gitleaks,generic-api-key,,staging/src/k8s.io/apiserver/pkg/server/options/encryptionconfig/testdata/invalid-configs/invalid-typo.yaml,30,REDACTED,staging/src/k8s.io/apiserver/pkg/server/options/encryptionconfig/testdata/invalid-configs/invalid-typo.yaml:generic-api-key:30,FP,literal placeholder
kubernetes,b2ec8b6fefac,gitleaks,generic-api-key,,staging/src/k8s.io/apiserver/pkg/server/options/encryptionconfig/testdata/invalid-configs/invalid-typo.yaml,32,REDACTED,staging/src/k8s.io/apiserver/pkg/server/options/encryptionconfig/testdata/invalid-configs/invalid-typo.yaml:generic-api-key:32,FP,literal placeholder
kubernetes,b2ec8b6fefac,gitleaks,generic-api-key,,staging/src/k8s.io/apiserver/pkg/server/options/encryptionconfig/testdata/valid-configs/aes-cbc-first.yaml,10,REDACTED,staging/src/k8s.io/apiserver/pkg/server/options/encryptionconfig/testdata/valid-configs/aes-cbc-first.yaml:generic-api-key:10,FP,literal placeholder
kubernetes,b2ec8b6fefac,gitleaks,generic-api-key,,staging/src/k8s.io/apiserver/pkg/server/options/encryptionconfig/testdata/valid-configs/aes-cbc-first.yaml,12,REDACTED,staging/src/k8s.io/apiserver/pkg/server/options/encryptionconfig/testdata/valid-configs/aes-cbc-first.yaml:generic-api-key:12,FP,literal placeholder
kubernetes,b2ec8b6fefac,gitleaks,generic-api-key,,staging/src/k8s.io/apiserver/pkg/server/options/encryptionconfig/testdata/valid-configs/aes-cbc-first.yaml,26,REDACTED,staging/src/k8s.io/apiserver/pkg/server/options/encryptionconfig/testdata/valid-configs/aes-cbc-first.yaml:generic-api-key:26,FP,literal placeholder
kubernetes,b2ec8b6fefac,gitleaks,generic-api-key,,staging/src/k8s.io/apiserver/pkg/server/options/encryptionconfig/testdata/valid-configs/aes-cbc-first.yaml,30,REDACTED,staging/src/k8s.io/apiserver/pkg/server/options/encryptionconfig/testdata/valid-configs/aes-cbc-first.yaml:generic-api-key:30,FP,literal placeholder
kubernetes,b2ec8b6fefac,gitleaks,generic-api-key,,staging/src/k8s.io/apiserver/pkg/server/options/encryptionconfig/testdata/valid-configs/aes-cbc-first.yaml,32,REDACTED,staging/src/k8s.io/apiserver/pkg/server/options/encryptionconfig/testdata/valid-configs/aes-cbc-first.yaml:generic-api-key:32,FP,literal placeholder
kubernetes,b2ec8b6fefac,gitleaks,generic-api-key,,staging/src/k8s.io/apiserver/pkg/server/options/encryptionconfig/testdata/valid-configs/aes-gcm-first.yaml,10,REDACTED,staging/src/k8s.io/apiserver/pkg/server/options/encryptionconfig/testdata/valid-configs/aes-gcm-first.yaml:generic-api-key:10,FP,literal placeholder
kubernetes,b2ec8b6fefac,gitleaks,generic-api-key,,staging/src/k8s.io/apiserver/pkg/server/options/encryptionconfig/testdata/valid-configs/aes-gcm-first.yaml,12,REDACTED,staging/src/k8s.io/apiserver/pkg/server/options/encryptionconfig/testdata/valid-configs/aes-gcm-first.yaml:generic-api-key:12,FP,literal placeholder
kubernetes,b2ec8b6fefac,gitleaks,generic-api-key,,staging/src/k8s.io/apiserver/pkg/server/options/encryptionconfig/testdata/valid-configs/aes-gcm-first.yaml,16,REDACTED,staging/src/k8s.io/apiserver/pkg/server/options/encryptionconfig/testdata/valid-configs/aes-gcm-first.yaml:generic-api-key:16,FP,literal placeholder
kubernetes,b2ec8b6fefac,gitleaks,generic-api-key,,staging/src/k8s.io/apiserver/pkg/server/options/encryptionconfig/testdata/valid-configs/aes-gcm-first.yaml,29,REDACTED,staging/src/k8s.io/apiserver/pkg/server/options/encryptionconfig/testdata/valid-configs/aes-gcm-first.yaml:generic-api-key:29,FP,literal placeholder
kubernetes,b2ec8b6fefac,gitleaks,generic-api-key,,staging/src/k8s.io/apiserver/pkg/server/options/encryptionconfig/testdata/valid-configs/aes-gcm-first.yaml,31,REDACTED,staging/src/k8s.io/apiserver/pkg/server/options/encryptionconfig/testdata/valid-configs/aes-gcm-first.yaml:generic-api-key:31,FP,literal placeholder
kubernetes,b2ec8b6fefac,gitleaks,generic-api-key,,staging/src/k8s.io/apiserver/pkg/server/options/encryptionconfig/testdata/valid-configs/aes/aes-cbc-multiple-keys-reversed.json,19,REDACTED,staging/src/k8s.io/apiserver/pkg/server/options/encryptionconfig/testdata/valid-configs/aes/aes-cbc-multiple-keys-reversed.json:generic-api-key:19,TP,symmetric key material (test fixture)
kubernetes,b2ec8b6fefac,gitleaks,generic-api-key,,staging/src/k8s.io/apiserver/pkg/server/options/encryptionconfig/testdata/valid-configs/aes/aes-cbc-multiple-keys.json,15,REDACTED,staging/src/k8s.io/apiserver/pkg/server/options/encryptionconfig/testdata/valid-configs/aes/aes-cbc-multiple-keys.json:generic-api-key:15,TP,symmetric key material (test fixture)
kubernetes,b2ec8b6fefac,gitleaks,generic-api-key,,staging/src/k8s.io/apiserver/pkg/server/options/encryptionconfig/testdata/valid-configs/aes/aes-cbc-multiple-providers-reversed.json,25,REDACTED,staging/src/k8s.io/apiserver/pkg/server/options/encryptionconfig/testdata/valid-configs/aes/aes-cbc-multiple-providers-reversed.json:generic-api-key:25,TP,symmetric key material (test fixture)
kubernetes,b2ec8b6fefac,gitleaks,generic-api-key,,staging/src/k8s.io/apiserver/pkg/server/options/encryptionconfig/testdata/valid-configs/aes/aes-cbc-multiple-providers.json,15,REDACTED,staging/src/k8s.io/apiserver/pkg/server/options/encryptionconfig/testdata/valid-configs/aes/aes-cbc-multiple-providers.json:generic-api-key:15,TP,symmetric key material (test fixture)
kubernetes,b2ec8b6fefac,gitleaks,generic-api-key,,staging/src/k8s.io/apiserver/pkg/server/options/encryptionconfig/testdata/valid-configs/aes/aes-gcm.yaml,10,REDACTED,staging/src/k8s.io/apiserver/pkg/server/options/encryptionconfig/testdata/valid-configs/aes/aes-gcm.yaml:generic-api-key:10,FP,literal placeholder
kubernetes,b2ec8b6fefac,gitleaks,generic-api-key,,staging/src/k8s.io/apiserver/pkg/server/options/encryptionconfig/testdata/valid-configs/identity-first.yaml,12,REDACTED,staging/src/k8s.io/apiserver/pkg/server/options/encryptionconfig/testdata/valid-configs/identity-first.yaml:generic-api-key:12,FP,literal placeholder
kubernetes,b2ec8b6fefac,gitleaks,generic-api-key,,staging/src/k8s.io/apiserver/pkg/server/options/encryptionconfig/testdata/valid-configs/identity-first.yaml,14,REDACTED,staging/src/k8s.io/apiserver/pkg/server/options/encryptionconfig/testdata/valid-configs/identity-first.yaml:generic-api-key:14,FP,literal placeholder
kubernetes,b2ec8b6fefac,gitleaks,generic-api-key,,staging/src/k8s.io/apiserver/pkg/server/options/encryptionconfig/testdata/valid-configs/identity-first.yaml,27,REDACTED,staging/src/k8s.io/apiserver/pkg/server/options/encryptionconfig/testdata/valid-configs/identity-first.yaml:generic-api-key:27,FP,literal placeholder
kubernetes,b2ec8b6fefac,gitleaks,generic-api-key,,staging/src/k8s.io/apiserver/pkg/server/options/encryptionconfig/testdata/valid-configs/identity-first.yaml,29,REDACTED,staging/src/k8s.io/apiserver/pkg/server/options/encryptionconfig/testdata/valid-configs/identity-first.yaml:generic-api-key:29,FP,literal placeholder
kubernetes,b2ec8b6fefac,gitleaks,generic-api-key,,staging/src/k8s.io/apiserver/pkg/server/options/encryptionconfig/testdata/valid-configs/identity-first.yaml,33,REDACTED,staging/src/k8s.io/apiserver/pkg/server/options/encryptionconfig/testdata/valid-configs/identity-first.yaml:generic-api-key:33,FP,literal placeholder
kubernetes,b2ec8b6fefac,gitleaks,generic-api-key,,staging/src/k8s.io/apiserver/pkg/server/options/encryptionconfig/testdata/valid-configs/kms-first.yaml,19,REDACTED,staging/src/k8s.io/apiserver/pkg/server/options/encryptionconfig/testdata/valid-configs/kms-first.yaml:generic-api-key:19,FP,literal placeholder
kubernetes,b2ec8b6fefac,gitleaks,generic-api-key,,staging/src/k8s.io/apiserver/pkg/server/options/encryptionconfig/testdata/valid-configs/kms-first.yaml,23,REDACTED,staging/src/k8s.io/apiserver/pkg/server/options/encryptionconfig/testdata/valid-configs/kms-first.yaml:generic-api-key:23,FP,literal placeholder
kubernetes,b2ec8b6fefac,gitleaks,generic-api-key,,staging/src/k8s.io/apiserver/pkg/server/options/encryptionconfig/testdata/valid-configs/kms-first.yaml,25,REDACTED,staging/src/k8s.io/apiserver/pkg/server/options/encryptionconfig/testdata/valid-configs/kms-first.yaml:generic-api-key:25,FP,literal placeholder
kubernetes,b2ec8b6fefac,gitleaks,generic-api-key,,staging/src/k8s.io/apiserver/pkg/server/options/encryptionconfig/testdata/valid-configs/kms-first.yaml,30,REDACTED,staging/src/k8s.io/apiserver/pkg/server/options/encryptionconfig/testdata/valid-configs/kms-first.yaml:generic-api-key:30,FP,literal placeholder
kubernetes,b2ec8b6fefac,gitleaks,generic-api-key,,staging/src/k8s.io/apiserver/pkg/server/options/encryptionconfig/testdata/valid-configs/kms-first.yaml,32,REDACTED,staging/src/k8s.io/apiserver/pkg/server/options/encryptionconfig/testdata/valid-configs/kms-first.yaml:generic-api-key:32,FP,literal placeholder
kubernetes,b2ec8b6fefac,gitleaks,generic-api-key,,staging/src/k8s.io/apiserver/pkg/server/options/encryptionconfig/testdata/valid-configs/kmsv2-first.yaml,19,REDACTED,staging/src/k8s.io/apiserver/pkg/server/options/encryptionconfig/testdata/valid-configs/kmsv2-first.yaml:generic-api-key:19,FP,literal placeholder
kubernetes,b2ec8b6fefac,gitleaks,generic-api-key,,staging/src/k8s.io/apiserver/pkg/server/options/encryptionconfig/testdata/valid-configs/kmsv2-first.yaml,23,REDACTED,staging/src/k8s.io/apiserver/pkg/server/options/encryptionconfig/testdata/valid-configs/kmsv2-first.yaml:generic-api-key:23,FP,literal placeholder
kubernetes,b2ec8b6fefac,gitleaks,generic-api-key,,staging/src/k8s.io/apiserver/pkg/server/options/encryptionconfig/testdata/valid-configs/kmsv2-first.yaml,25,REDACTED,staging/src/k8s.io/apiserver/pkg/server/options/encryptionconfig/testdata/valid-configs/kmsv2-first.yaml:generic-api-key:25,FP,literal placeholder
kubernetes,b2ec8b6fefac,gitleaks,generic-api-key,,staging/src/k8s.io/apiserver/pkg/server/options/encryptionconfig/testdata/valid-configs/kmsv2-first.yaml,30,REDACTED,staging/src/k8s.io/apiserver/pkg/server/options/encryptionconfig/testdata/valid-configs/kmsv2-first.yaml:generic-api-key:30,FP,literal placeholder
kubernetes,b2ec8b6fefac,gitleaks,generic-api-key,,staging/src/k8s.io/apiserver/pkg/server/options/encryptionconfig/testdata/valid-configs/kmsv2-first.yaml,32,REDACTED,staging/src/k8s.io/apiserver/pkg/server/options/encryptionconfig/testdata/valid-configs/kmsv2-first.yaml:generic-api-key:32,FP,literal placeholder
kubernetes,b2ec8b6fefac,gitleaks,generic-api-key,,staging/src/k8s.io/apiserver/pkg/server/options/encryptionconfig/testdata/valid-configs/legacy.yaml,12,REDACTED,staging/src/k8s.io/apiserver/pkg/server/options/encryptionconfig/testdata/valid-configs/legacy.yaml:generic-api-key:12,FP,literal placeholder
kubernetes,b2ec8b6fefac,gitleaks,generic-api-key,,staging/src/k8s.io/apiserver/pkg/server/options/encryptionconfig/testdata/valid-configs/legacy.yaml,14,REDACTED,staging/src/k8s.io/apiserver/pkg/server/options/encryptionconfig/testdata/valid-configs/legacy.yaml:generic-api-key:14,FP,literal placeholder
kubernetes,b2ec8b6fefac,gitleaks,generic-api-key,,staging/src/k8s.io/apiserver/pkg/server/options/encryptionconfig/testdata/valid-configs/legacy.yaml,22,REDACTED,staging/src/k8s.io/apiserver/pkg/server/options/encryptionconfig/testdata/valid-configs/legacy.yaml:generic-api-key:22,FP,literal placeholder
kubernetes,b2ec8b6fefac,gitleaks,generic-api-key,,staging/src/k8s.io/apiserver/pkg/server/options/encryptionconfig/testdata/valid-configs/legacy.yaml,24,REDACTED,staging/src/k8s.io/apiserver/pkg/server/options/encryptionconfig/testdata/valid-configs/legacy.yaml:generic-api-key:24,FP,literal placeholder
kubernetes,b2ec8b6fefac,gitleaks,generic-api-key,,staging/src/k8s.io/apiserver/pkg/server/options/encryptionconfig/testdata/valid-configs/legacy.yaml,28,REDACTED,staging/src/k8s.io/apiserver/pkg/server/options/encryptionconfig/testdata/valid-configs/legacy.yaml:generic-api-key:28,FP,literal placeholder
kubernetes,b2ec8b6fefac,gitleaks,generic-api-key,,staging/src/k8s.io/apiserver/pkg/server/options/encryptionconfig/testdata/valid-configs/secret-box-first.yaml,10,REDACTED,staging/src/k8s.io/apiserver/pkg/server/options/encryptionconfig/testdata/valid-configs/secret-box-first.yaml:generic-api-key:10,FP,literal placeholder
kubernetes,b2ec8b6fefac,gitleaks,generic-api-key,,staging/src/k8s.io/apiserver/pkg/server/options/encryptionconfig/testdata/valid-configs/secret-box-first.yaml,14,REDACTED,staging/src/k8s.io/apiserver/pkg/server/options/encryptionconfig/testdata/valid-configs/secret-box-first.yaml:generic-api-key:14,FP,literal placeholder
kubernetes,b2ec8b6fefac,gitleaks,generic-api-key,,staging/src/k8s.io/apiserver/pkg/server/options/encryptionconfig/testdata/valid-configs/secret-box-first.yaml,16,REDACTED,staging/src/k8s.io/apiserver/pkg/server/options/encryptionconfig/testdata/valid-configs/secret-box-first.yaml:generic-api-key:16,FP,literal placeholder
kubernetes,b2ec8b6fefac,gitleaks,generic-api-key,,staging/src/k8s.io/apiserver/pkg/server/options/encryptionconfig/testdata/valid-configs/secret-box-first.yaml,30,REDACTED,staging/src/k8s.io/apiserver/pkg/server/options/encryptionconfig/testdata/valid-configs/secret-box-first.yaml:generic-api-key:30,FP,literal placeholder
kubernetes,b2ec8b6fefac,gitleaks,generic-api-key,,staging/src/k8s.io/apiserver/pkg/server/options/encryptionconfig/testdata/valid-configs/secret-box-first.yaml,32,REDACTED,staging/src/k8s.io/apiserver/pkg/server/options/encryptionconfig/testdata/valid-configs/secret-box-first.yaml:generic-api-key:32,FP,literal placeholder
kubernetes,b2ec8b6fefac,gitleaks,private-key,,staging/src/k8s.io/apiserver/pkg/server/options/testdata/apiserver-loopback-client__/key,1,REDACTED,staging/src/k8s.io/apiserver/pkg/server/options/testdata/apiserver-loopback-client__/key:private-key:1,TP,private key material (test fixture)
kubernetes,b2ec8b6fefac,gitleaks,private-key,,staging/src/k8s.io/apiserver/pkg/server/options/testdata/apiserver-loopback-client__/localhost__/key,1,REDACTED,staging/src/k8s.io/apiserver/pkg/server/options/testdata/apiserver-loopback-client__/localhost__/key:private-key:1,TP,private key material (test fixture)
kubernetes,b2ec8b6fefac,gitleaks,generic-api-key,,staging/src/k8s.io/apiserver/pkg/server/options/testdata/encryption-configs/no-kms-provider.yaml,10,REDACTED,staging/src/k8s.io/apiserver/pkg/server/options/testdata/encryption-configs/no-kms-provider.yaml:generic-api-key:10,FP,literal placeholder
kubernetes,b2ec8b6fefac,gitleaks,private-key,,staging/src/k8s.io/apiserver/pkg/server/options/testdata/localhost__/apiserver-loopback-client__/key,1,REDACTED,staging/src/k8s.io/apiserver/pkg/server/options/testdata/localhost__/apiserver-loopback-client__/key:private-key:1,TP,private key material (test fixture)
kubernetes,b2ec8b6fefac,gitleaks,private-key,,staging/src/k8s.io/apiserver/pkg/server/options/testdata/localhost__/key,1,REDACTED,staging/src/k8s.io/apiserver/pkg/server/options/testdata/localhost__/key:private-key:1,TP,private key material (test fixture)
kubernetes,b2ec8b6fefac,gitleaks,private-key,,"staging/src/k8s.io/apiserver/pkg/server/options/testdata/localhost__10.0.0.1,127.0.0.1/key",1,REDACTED,"staging/src/k8s.io/apiserver/pkg/server/options/testdata/localhost__10.0.0.1,127.0.0.1/key:private-key:1",TP,private key material (test fixture)
kubernetes,b2ec8b6fefac,gitleaks,private-key,,"staging/src/k8s.io/apiserver/pkg/server/options/testdata/localhost__10.0.0.1,127.0.0.1/test.com__10.0.0.1/key",1,REDACTED,"staging/src/k8s.io/apiserver/pkg/server/options/testdata/localhost__10.0.0.1,127.0.0.1/test.com__10.0.0.1/key:private-key:1",TP,private key material (test fixture)
kubernetes,b2ec8b6fefac,gitleaks,private-key,,staging/src/k8s.io/apiserver/pkg/server/options/testdata/localhost__127.0.0.1/key,1,REDACTED,staging/src/k8s.io/apiserver/pkg/server/options/testdata/localhost__127.0.0.1/key:private-key:1,TP,private key material (test fixture)
kubernetes,b2ec8b6fefac,gitleaks,private-key,,staging/src/k8s.io/apiserver/pkg/server/options/testdata/localhost__127.0.0.1/localhost__/key,1,REDACTED,staging/src/k8s.io/apiserver/pkg/server/options/testdata/localhost__127.0.0.1/localhost__/key:private-key:1,TP,private key material (test fixture)
kubernetes,b2ec8b6fefac,gitleaks,private-key,,staging/src/k8s.io/apiserver/pkg/server/options/testdata/localhost__127.0.0.1/test.com__/key,1,REDACTED,staging/src/k8s.io/apiserver/pkg/server/options/testdata/localhost__127.0.0.1/test.com__/key:private-key:1,TP,private key material (test fixture)
kubernetes,b2ec8b6fefac,gitleaks,private-key,,staging/src/k8s.io/apiserver/pkg/server/options/testdata/localhost__127.0.0.1/test.com_star.test.com_/key,1,REDACTED,staging/src/k8s.io/apiserver/pkg/server/options/testdata/localhost__127.0.0.1/test.com_star.test.com_/key:private-key:1,TP,private key material (test fixture)
kubernetes,b2ec8b6fefac,gitleaks,private-key,,staging/src/k8s.io/apiserver/pkg/server/options/testdata/localhost_test.com_127.0.0.1/key,1,REDACTED,staging/src/k8s.io/apiserver/pkg/server/options/testdata/localhost_test.com_127.0.0.1/key:private-key:1,TP,private key material (test fixture)
kubernetes,b2ec8b6fefac,gitleaks,private-key,,staging/src/k8s.io/apiserver/pkg/server/options/testdata/test.com__/key,1,REDACTED,staging/src/k8s.io/apiserver/pkg/server/options/testdata/test.com__/key:private-key:1,TP,private key material (test fixture)
kubernetes,b2ec8b6fefac,gitleaks,private-key,,staging/src/k8s.io/apiserver/pkg/server/options/testdata/test.com__/localhost__/key,1,REDACTED,staging/src/k8s.io/apiserver/pkg/server/options/testdata/test.com__/localhost__/key:private-key:1,TP,private key material (test fixture)
kubernetes,b2ec8b6fefac,gitleaks,private-key,,staging/src/k8s.io/apiserver/pkg/storage/etcd3/testing/testingcert/certificates.go,91,REDACTED,staging/src/k8s.io/apiserver/pkg/storage/etcd3/testing/testingcert/certificates.go:private-key:91,TP,private key material (test fixture)
kubernetes,b2ec8b6fefac,gitleaks,private-key,,staging/src/k8s.io/apiserver/pkg/util/webhook/certs_test.go,22,REDACTED,staging/src/k8s.io/apiserver/pkg/util/webhook/certs_test.go:private-key:22,TP,private key material (test fixture)
kubernetes,b2ec8b6fefac,gitleaks,private-key,,staging/src/k8s.io/apiserver/pkg/util/webhook/certs_test.go,132,REDACTED,staging/src/k8s.io/apiserver/pkg/util/webhook/certs_test.go:private-key:132,TP,private key material (test fixture)
kubernetes,b2ec8b6fefac,gitleaks,private-key,,staging/src/k8s.io/apiserver/pkg/util/webhook/certs_test.go,199,REDACTED,staging/src/k8s.io/apiserver/pkg/util/webhook/certs_test.go:private-key:199,TP,private key material (test fixture)
kubernetes,b2ec8b6fefac,gitleaks,private-key,,staging/src/k8s.io/apiserver/pkg/util/x509metrics/server_cert_deprecations_test.go,101,REDACTED,staging/src/k8s.io/apiserver/pkg/util/x509metrics/server_cert_deprecations_test.go:private-key:101,TP,private key material (test fixture)
kubernetes,b2ec8b6fefac,gitleaks,generic-api-key,,staging/src/k8s.io/apiserver/plugin/pkg/authenticator/token/oidc/oidc_test.go,4552,REDACTED,staging/src/k8s.io/apiserver/plugin/pkg/authenticator/token/oidc/oidc_test.go:generic-api-key:4552,FP,uuid
kubernetes,b2ec8b6fefac,gitleaks,private-key,,staging/src/k8s.io/apiserver/plugin/pkg/authenticator/token/oidc/testdata/ecdsa_1.pem,1,REDACTED,staging/src/k8s.io/apiserver/plugin/pkg/authenticator/token/oidc/testdata/ecdsa_1.pem:private-key:1,TP,private key material (test fixture)
kubernetes,b2ec8b6fefac,gitleaks,private-key,,staging/src/k8s.io/apiserver/plugin/pkg/authenticator/token/oidc/testdata/ecdsa_2.pem,1,REDACTED,staging/src/k8s.io/apiserver/plugin/pkg/authenticator/token/oidc/testdata/ecdsa_2.pem:private-key:1,TP,private key material (test fixture)
kubernetes,b2ec8b6fefac,gitleaks,private-key,,staging/src/k8s.io/apiserver/plugin/pkg/authenticator/token/oidc/testdata/ecdsa_3.pem,1,REDACTED,staging/src/k8s.io/apiserver/plugin/pkg/authenticator/token/oidc/testdata/ecdsa_3.pem:private-key:1,TP,private key material (test fixture)
kubernetes,b2ec8b6fefac,gitleaks,private-key,,staging/src/k8s.io/apiserver/plugin/pkg/authenticator/token/oidc/testdata/rsa_1.pem,1,REDACTED,staging/src/k8s.io/apiserver/plugin/pkg/authenticator/token/oidc/testdata/rsa_1.pem:private-key:1,TP,private key material (test fixture)
kubernetes,b2ec8b6fefac,gitleaks,private-key,,staging/src/k8s.io/apiserver/plugin/pkg/authenticator/token/oidc/testdata/rsa_2.pem,1,REDACTED,staging/src/k8s.io/apiserver/plugin/pkg/authenticator/token/oidc/testdata/rsa_2.pem:private-key:1,TP,private key material (test fixture)
kubernetes,b2ec8b6fefac,gitleaks,private-key,,staging/src/k8s.io/apiserver/plugin/pkg/authenticator/token/oidc/testdata/rsa_3.pem,1,REDACTED,staging/src/k8s.io/apiserver/plugin/pkg/authenticator/token/oidc/testdata/rsa_3.pem:private-key:1,TP,private key material (test fixture)
kubernetes,b2ec8b6fefac,gitleaks,private-key,,staging/src/k8s.io/apiserver/plugin/pkg/authenticator/token/webhook/certs_test.go,62,REDACTED,staging/src/k8s.io/apiserver/plugin/pkg/authenticator/token/webhook/certs_test.go:private-key:62,TP,private key material (test fixture)
kubernetes,b2ec8b6fefac,gitleaks,private-key,,staging/src/k8s.io/apiserver/plugin/pkg/authenticator/token/webhook/certs_test.go,110,REDACTED,staging/src/k8s.io/apiserver/plugin/pkg/authenticator/token/webhook/certs_test.go:private-key:110,TP,private key material (test fixture)
kubernetes,b2ec8b6fefac,gitleaks,generic-api-key,,staging/src/k8s.io/apiserver/plugin/pkg/authenticator/token/webhook/webhook_v1_test.go,496,REDACTED,staging/src/k8s.io/apiserver/plugin/pkg/authenticator/token/webhook/webhook_v1_test.go:generic-api-key:496,FP,literal placeholder
kubernetes,b2ec8b6fefac,gitleaks,generic-api-key,,staging/src/k8s.io/apiserver/plugin/pkg/authenticator/token/webhook/webhook_v1beta1_test.go,493,REDACTED,staging/src/k8s.io/apiserver/plugin/pkg/authenticator/token/webhook/webhook_v1beta1_test.go:generic-api-key:493,FP,literal placeholder
kubernetes,b2ec8b6fefac,gitleaks,private-key,,staging/src/k8s.io/apiserver/plugin/pkg/authorizer/webhook/certs_test.go,62,REDACTED,staging/src/k8s.io/apiserver/plugin/pkg/authorizer/webhook/certs_test.go:private-key:62,TP,private key material (test fixture)
kubernetes,b2ec8b6fefac,gitleaks,private-key,,staging/src/k8s.io/apiserver/plugin/pkg/authorizer/webhook/certs_test.go,110,REDACTED,staging/src/k8s.io/apiserver/plugin/pkg/authorizer/webhook/certs_test.go:private-key:110,TP,private key material (test fixture)
kubernetes,b2ec8b6fefac,gitleaks,private-key,,staging/src/k8s.io/client-go/plugin/pkg/client/auth/exec/exec_test.go,71,REDACTED,staging/src/k8s.io/client-go/plugin/pkg/client/auth/exec/exec_test.go:private-key:71,TP,private key material (test fixture)
kubernetes,b2ec8b6fefac,gitleaks,generic-api-key,,staging/src/k8s.io/client-go/tools/clientcmd/loader_test.go,737,REDACTED,staging/src/k8s.io/client-go/tools/clientcmd/loader_test.go:generic-api-key:737,FP,long identifier or type name
kubernetes,b2ec8b6fefac,gitleaks,generic-api-key,,staging/src/k8s.io/client-go/tools/clientcmd/loader_test.go,741,REDACTED,staging/src/k8s.io/client-go/tools/clientcmd/loader_test.go:generic-api-key:741,FP,long identifier or type name
kubernetes,b2ec8b6fefac,gitleaks,private-key,,staging/src/k8s.io/client-go/tools/remotecommand/fallback_test.go,333,REDACTED,staging/src/k8s.io/client-go/tools/remotecommand/fallback_test.go:private-key:333,TP,private key material (test fixture)
kubernetes,b2ec8b6fefac,gitleaks,generic-api-key,,staging/src/k8s.io/client-go/transport/round_trippers_test.go,427,REDACTED,staging/src/k8s.io/client-go/transport/round_trippers_test.go:generic-api-key:427,FP,literal placeholder
kubernetes,b2ec8b6fefac,gitleaks,private-key,,staging/src/k8s.io/client-go/transport/transport_test.go,72,REDACTED,staging/src/k8s.io/client-go/transport/transport_test.go:private-key:72,TP,private key material (test fixture)
kubernetes,b2ec8b6fefac,gitleaks,private-key,,staging/src/k8s.io/client-go/util/cert/testdata/dontUseThisKey.pem,1,REDACTED,staging/src/k8s.io/client-go/util/cert/testdata/dontUseThisKey.pem:private-key:1,TP,private key material (test fixture)
kubernetes,b2ec8b6fefac,gitleaks,private-key,,staging/src/k8s.io/client-go/util/certificate/certificate_manager_test.go,67,REDACTED,staging/src/k8s.io/client-go/util/certificate/certificate_manager_test.go:private-key:67,TP,private key material (test fixture)
kubernetes,b2ec8b6fefac,gitleaks,private-key,,staging/src/k8s.io/client-go/util/certificate/certificate_manager_test.go,112,REDACTED,staging/src/k8s.io/client-go/util/certificate/certificate_manager_test.go:private-key:112,TP,private key material (test fixture)
kubernetes,b2ec8b6fefac,gitleaks,private-key,,staging/src/k8s.io/client-go/util/certificate/certificate_manager_test.go,146,REDACTED,staging/src/k8s.io/client-go/util/certificate/certificate_manager_test.go:private-key:146,TP,private key material (test fixture)
kubernetes,b2ec8b6fefac,gitleaks,private-key,,staging/src/k8s.io/client-go/util/certificate/certificate_manager_test.go,171,REDACTED,staging/src/k8s.io/client-go/util/certificate/certificate_manager_test.go:private-key:171,TP,private key material (test fixture)
kubernetes,b2ec8b6fefac,gitleaks,private-key,,staging/src/k8s.io/client-go/util/certificate/certificate_manager_test.go,196,REDACTED,staging/src/k8s.io/client-go/util/certificate/certificate_manager_test.go:private-key:196,TP,private key material (test fixture)
kubernetes,b2ec8b6fefac,gitleaks,private-key,,staging/src/k8s.io/client-go/util/certificate/certificate_manager_test.go,1193,REDACTED,staging/src/k8s.io/client-go/util/certificate/certificate_manager_test.go:private-key:1193,TP,private key material (test fixture)
kubernetes,b2ec8b6fefac,gitleaks,private-key,,staging/src/k8s.io/client-go/util/certificate/certificate_manager_test.go,1202,REDACTED,staging/src/k8s.io/client-go/util/certificate/certificate_manager_test.go:private-key:1202,TP,private key material (test fixture)
kubernetes,b2ec8b6fefac,gitleaks,private-key,,staging/src/k8s.io/client-go/util/certificate/certificate_manager_test.go,1211,REDACTED,staging/src/k8s.io/client-go/util/certificate/certificate_manager_test.go:private-key:1211,TP,private key material (test fixture)
kubernetes,b2ec8b6fefac,gitleaks,private-key,,staging/src/k8s.io/client-go/util/certificate/certificate_manager_test.go,1243,REDACTED,staging/src/k8s.io/client-go/util/certificate/certificate_manager_test.go:private-key:1243,TP,private key material (test fixture)
kubernetes,b2ec8b6fefac,gitleaks,private-key,,staging/src/k8s.io/client-go/util/certificate/certificate_manager_test.go,1263,REDACTED,staging/src/k8s.io/client-go/util/certificate/certificate_manager_test.go:private-key:1263,TP,private key material (test fixture)
kubernetes,b2ec8b6fefac,gitleaks,private-key,,staging/src/k8s.io/client-go/util/keyutil/key_test.go,27,REDACTED,staging/src/k8s.io/client-go/util/keyutil/key_test.go:private-key:27,TP,private key material (test fixture)
kubernetes,b2ec8b6fefac,gitleaks,private-key,,staging/src/k8s.io/client-go/util/keyutil/key_test.go,94,REDACTED,staging/src/k8s.io/client-go/util/keyutil/key_test.go:private-key:94,TP,private key material (test fixture)
kubernetes,b2ec8b6fefac,gitleaks,private-key,,staging/src/k8s.io/client-go/util/keyutil/key_test.go,102,REDACTED,staging/src/k8s.io/client-go/util/keyutil/key_test.go:private-key:102,TP,private key material (test fixture)
kubernetes,b2ec8b6fefac,gitleaks,generic-api-key,,staging/src/k8s.io/cloud-provider/volume/helpers/zones.go,191,REDACTED,staging/src/k8s.io/cloud-provider/volume/helpers/zones.go:generic-api-key:191,FP,long identifier or type name
kubernetes,b2ec8b6fefac,gitleaks,generic-api-key,,staging/src/k8s.io/cluster-bootstrap/token/util/helpers_test.go,89,REDACTED,staging/src/k8s.io/cluster-bootstrap/token/util/helpers_test.go:generic-api-key:89,FP,literal placeholder
kubernetes,b2ec8b6fefac,gitleaks,generic-api-key,,staging/src/k8s.io/cluster-bootstrap/token/util/helpers_test.go,90,REDACTED,staging/src/k8s.io/cluster-bootstrap/token/util/helpers_test.go:generic-api-key:90,FP,literal placeholder
kubernetes,b2ec8b6fefac,gitleaks,generic-api-key,,staging/src/k8s.io/cluster-bootstrap/token/util/helpers_test.go,91,REDACTED,staging/src/k8s.io/cluster-bootstrap/token/util/helpers_test.go:generic-api-key:91,FP,literal placeholder
kubernetes,b2ec8b6fefac,gitleaks,generic-api-key,,staging/src/k8s.io/cluster-bootstrap/token/util/helpers_test.go,93,REDACTED,staging/src/k8s.io/cluster-bootstrap/token/util/helpers_test.go:generic-api-key:93,FP,literal placeholder
kubernetes,b2ec8b6fefac,gitleaks,generic-api-key,,staging/src/k8s.io/cluster-bootstrap/token/util/helpers_test.go,94,REDACTED,staging/src/k8s.io/cluster-bootstrap/token/util/helpers_test.go:generic-api-key:94,FP,literal placeholder
kubernetes,b2ec8b6fefac,gitleaks,generic-api-key,,staging/src/k8s.io/cluster-bootstrap/token/util/helpers_test.go,95,REDACTED,staging/src/k8s.io/cluster-bootstrap/token/util/helpers_test.go:generic-api-key:95,FP,literal placeholder
kubernetes,b2ec8b6fefac,gitleaks,generic-api-key,,staging/src/k8s.io/cluster-bootstrap/token/util/helpers_test.go,96,REDACTED,staging/src/k8s.io/cluster-bootstrap/token/util/helpers_test.go:generic-api-key:96,FP,literal placeholder
kubernetes,b2ec8b6fefac,gitleaks,generic-api-key,,staging/src/k8s.io/csi-translation-lib/plugins/in_tree_volume.go,322,REDACTED,staging/src/k8s.io/csi-translation-lib/plugins/in_tree_volume.go:generic-api-key:322,FP,long identifier or type name
kubernetes,b2ec8b6fefac,gitleaks,private-key,,staging/src/k8s.io/kube-aggregator/pkg/apiserver/handler_proxy_test.go,738,REDACTED,staging/src/k8s.io/kube-aggregator/pkg/apiserver/handler_proxy_test.go:private-key:738,TP,private key material (test fixture)
kubernetes,b2ec8b6fefac,gitleaks,private-key,,staging/src/k8s.io/kube-aggregator/pkg/apiserver/handler_proxy_test.go,810,REDACTED,staging/src/k8s.io/kube-aggregator/pkg/apiserver/handler_proxy_test.go:private-key:810,TP,private key material (test fixture)
kubernetes,b2ec8b6fefac,gitleaks,private-key,,staging/src/k8s.io/kube-aggregator/pkg/apiserver/testdata/client-ca-key.pem,1,REDACTED,staging/src/k8s.io/kube-aggregator/pkg/apiserver/testdata/client-ca-key.pem:private-key:1,TP,private key material (test fixture)
kubernetes,b2ec8b6fefac,gitleaks,private-key,,staging/src/k8s.io/kube-aggregator/pkg/apiserver/testdata/client-key.pem,1,REDACTED,staging/src/k8s.io/kube-aggregator/pkg/apiserver/testdata/client-key.pem:private-key:1,TP,private key material (test fixture)
kubernetes,b2ec8b6fefac,gitleaks,private-key,,staging/src/k8s.io/kube-aggregator/pkg/apiserver/testdata/server-ca-key.pem,1,REDACTED,staging/src/k8s.io/kube-aggregator/pkg/apiserver/testdata/server-ca-key.pem:private-key:1,TP,private key material (test fixture)
kubernetes,b2ec8b6fefac,gitleaks,private-key,,staging/src/k8s.io/kube-aggregator/pkg/apiserver/testdata/server-key.pem,1,REDACTED,staging/src/k8s.io/kube-aggregator/pkg/apiserver/testdata/server-key.pem:private-key:1,TP,private key material (test fixture)
kubernetes,b2ec8b6fefac,gitleaks,generic-api-key,,staging/src/k8s.io/kubectl/pkg/cmd/config/set_credentials.go,95,REDACTED,staging/src/k8s.io/kubectl/pkg/cmd/config/set_credentials.go:generic-api-key:95,FP,command-line flag string
kubernetes,b2ec8b6fefac,gitleaks,generic-api-key,,staging/src/k8s.io/kubectl/pkg/cmd/config/set_credentials_test.go,446,REDACTED,staging/src/k8s.io/kubectl/pkg/cmd/config/set_credentials_test.go:generic-api-key:446,FP,command-line flag string
kubernetes,b2ec8b6fefac,gitleaks,generic-api-key,,staging/src/k8s.io/kubectl/pkg/cmd/config/set_credentials_test.go,451,REDACTED,staging/src/k8s.io/kubectl/pkg/cmd/config/set_credentials_test.go:generic-api-key:451,FP,documentation example
kubernetes,b2ec8b6fefac,gitleaks,generic-api-key,,staging/src/k8s.io/kubectl/pkg/cmd/config/view_test.go,171,REDACTED,staging/src/k8s.io/kubectl/pkg/cmd/config/view_test.go:generic-api-key:171,FP,literal placeholder
kubernetes,b2ec8b6fefac,gitleaks,generic-api-key,,staging/src/k8s.io/kubectl/pkg/cmd/config/view_test.go,178,REDACTED,staging/src/k8s.io/kubectl/pkg/cmd/config/view_test.go:generic-api-key:178,FP,literal placeholder
kubernetes,b2ec8b6fefac,gitleaks,private-key,,staging/src/k8s.io/kubectl/pkg/cmd/create/create_secret_tls_test.go,43,REDACTED,staging/src/k8s.io/kubectl/pkg/cmd/create/create_secret_tls_test.go:private-key:43,TP,private key material (test fixture)
kubernetes,b2ec8b6fefac,gitleaks,private-key,,staging/src/k8s.io/kubectl/pkg/cmd/create/create_secret_tls_test.go,54,REDACTED,staging/src/k8s.io/kubectl/pkg/cmd/create/create_secret_tls_test.go:private-key:54,TP,private key material (test fixture)
kubernetes,b2ec8b6fefac,gitleaks,private-key,,staging/src/k8s.io/streaming/pkg/httpstream/spdy/roundtripper_test.go,988,REDACTED,staging/src/k8s.io/streaming/pkg/httpstream/spdy/roundtripper_test.go:private-key:988,TP,private key material (test fixture)
kubernetes,b2ec8b6fefac,gitleaks,private-key,,staging/src/k8s.io/streaming/pkg/httpstream/spdy/roundtripper_test.go,1040,REDACTED,staging/src/k8s.io/streaming/pkg/httpstream/spdy/roundtripper_test.go:private-key:1040,TP,private key material (test fixture)
kubernetes,b2ec8b6fefac,gitleaks,curl-auth-header,,test/cmd/authorization.sh,32,REDACTED,test/cmd/authorization.sh:curl-auth-header:32,FP,literal placeholder
kubernetes,b2ec8b6fefac,gitleaks,generic-api-key,,test/cmd/core.sh,862,REDACTED,test/cmd/core.sh:generic-api-key:862,FP,literal placeholder
kubernetes,b2ec8b6fefac,gitleaks,curl-auth-header,,test/cmd/discovery.sh,298,REDACTED,test/cmd/discovery.sh:curl-auth-header:298,FP,literal placeholder
kubernetes,b2ec8b6fefac,gitleaks,private-key,,test/cmd/kubeconfig.sh,122,REDACTED,test/cmd/kubeconfig.sh:private-key:122,TP,private key material (test fixture)
kubernetes,b2ec8b6fefac,gitleaks,generic-api-key,,test/declarative_validation/scheduling/compositepodgroup/declarative_validation_test.go,368,REDACTED,test/declarative_validation/scheduling/compositepodgroup/declarative_validation_test.go:generic-api-key:368,FP,long identifier or type name
kubernetes,b2ec8b6fefac,gitleaks,generic-api-key,,test/declarative_validation/scheduling/podgroup/declarative_validation_test.go,619,REDACTED,test/declarative_validation/scheduling/podgroup/declarative_validation_test.go:generic-api-key:619,FP,long identifier or type name
kubernetes,b2ec8b6fefac,gitleaks,generic-api-key,,test/e2e/auth/projected_clustertrustbundle.go,57,REDACTED,test/e2e/auth/projected_clustertrustbundle.go:generic-api-key:57,FP,long identifier or type name
kubernetes,b2ec8b6fefac,gitleaks,generic-api-key,,test/e2e/framework/registry/registry.go,45,REDACTED,test/e2e/framework/registry/registry.go:generic-api-key:45,FP,literal placeholder
kubernetes,b2ec8b6fefac,gitleaks,generic-api-key,,test/e2e_node/image_credential_pulls.go,111,REDACTED,test/e2e_node/image_credential_pulls.go:generic-api-key:111,FP,long identifier or type name
kubernetes,b2ec8b6fefac,gitleaks,private-key,,test/e2e_node/services/apiserver.go,40,REDACTED,test/e2e_node/services/apiserver.go:private-key:40,TP,private key material (test fixture)
kubernetes,b2ec8b6fefac,gitleaks,generic-api-key,,test/e2e_node_windows/README.md,30,REDACTED,test/e2e_node_windows/README.md:generic-api-key:30,FP,documentation example
kubernetes,b2ec8b6fefac,gitleaks,private-key,,test/e2e_node_windows/services/apiserver.go,43,REDACTED,test/e2e_node_windows/services/apiserver.go:private-key:43,TP,private key material (test fixture)
kubernetes,b2ec8b6fefac,gitleaks,generic-api-key,,test/fixtures/doc-yaml/admin/high-availability/kube-apiserver.yaml,9,REDACTED,test/fixtures/doc-yaml/admin/high-availability/kube-apiserver.yaml:generic-api-key:9,FP,path or resource identifier
kubernetes,b2ec8b6fefac,gitleaks,kubernetes-secret-yaml,,test/fixtures/doc-yaml/user-guide/secrets/secret.yaml,2,REDACTED,test/fixtures/doc-yaml/user-guide/secrets/secret.yaml:kubernetes-secret-yaml:2,FP,literal placeholder
kubernetes,b2ec8b6fefac,gitleaks,private-key,,test/images/agnhost/porter/localhost.key,1,REDACTED,test/images/agnhost/porter/localhost.key:private-key:1,TP,private key material (test fixture)
kubernetes,b2ec8b6fefac,gitleaks,private-key,,test/integration/apiserver/admissionwebhook/admission_test.go,1790,REDACTED,test/integration/apiserver/admissionwebhook/admission_test.go:private-key:1790,TP,private key material (test fixture)
kubernetes,b2ec8b6fefac,gitleaks,private-key,,test/integration/apiserver/certreload/certreload_test.go,331,REDACTED,test/integration/apiserver/certreload/certreload_test.go:private-key:331,TP,private key material (test fixture)
kubernetes,b2ec8b6fefac,gitleaks,private-key,,test/integration/apiserver/certreload/certreload_test.go,380,REDACTED,test/integration/apiserver/certreload/certreload_test.go:private-key:380,TP,private key material (test fixture)
kubernetes,b2ec8b6fefac,gitleaks,private-key,,test/integration/auth/svcaccttoken_test.go,70,REDACTED,test/integration/auth/svcaccttoken_test.go:private-key:70,TP,private key material (test fixture)
kubernetes,b2ec8b6fefac,gitleaks,private-key,,test/integration/auth/testdata/sloppy-san-client-key.pem,1,REDACTED,test/integration/auth/testdata/sloppy-san-client-key.pem:private-key:1,TP,private key material (test fixture)
kubernetes,b2ec8b6fefac,gitleaks,generic-api-key,,test/integration/controlplane/transformation/all_transformation_test.go,95,REDACTED,test/integration/controlplane/transformation/all_transformation_test.go:generic-api-key:95,FP,literal placeholder
kubernetes,b2ec8b6fefac,gitleaks,generic-api-key,,test/integration/controlplane/transformation/cr_transformation_test.go,62,REDACTED,test/integration/controlplane/transformation/cr_transformation_test.go:generic-api-key:62,FP,literal placeholder
kubernetes,b2ec8b6fefac,gitleaks,generic-api-key,,test/integration/controlplane/transformation/cr_transformation_test.go,75,REDACTED,test/integration/controlplane/transformation/cr_transformation_test.go:generic-api-key:75,FP,literal placeholder
kubernetes,b2ec8b6fefac,gitleaks,generic-api-key,,test/integration/controlplane/transformation/secrets_transformation_test.go,68,REDACTED,test/integration/controlplane/transformation/secrets_transformation_test.go:generic-api-key:68,FP,literal placeholder
kubernetes,b2ec8b6fefac,gitleaks,generic-api-key,,test/integration/controlplane/transformation/secrets_transformation_test.go,81,REDACTED,test/integration/controlplane/transformation/secrets_transformation_test.go:generic-api-key:81,FP,literal placeholder
kubernetes,b2ec8b6fefac,gitleaks,generic-api-key,,test/integration/controlplane/transformation/transformation_test.go,61,REDACTED,test/integration/controlplane/transformation/transformation_test.go:generic-api-key:61,FP,uuid
kubernetes,b2ec8b6fefac,gitleaks,generic-api-key,,test/integration/controlplane/transformation/transformation_test.go,72,REDACTED,test/integration/controlplane/transformation/transformation_test.go:generic-api-key:72,TP,symmetric key material (test fixture)
kubernetes,b2ec8b6fefac,gitleaks,generic-api-key,,test/integration/controlplane/transformation/transformation_test.go,73,REDACTED,test/integration/controlplane/transformation/transformation_test.go:generic-api-key:73,FP,"encoded data, not a credential"
kubernetes,b2ec8b6fefac,gitleaks,generic-api-key,,test/integration/etcd/data.go,162,REDACTED,test/integration/etcd/data.go:generic-api-key:162,FP,"encoded data, not a credential"
kubernetes,b2ec8b6fefac,gitleaks,private-key,,test/integration/etcd/server.go,64,REDACTED,test/integration/etcd/server.go:private-key:64,TP,private key material (test fixture)
kubernetes,b2ec8b6fefac,gitleaks,private-key,,test/integration/framework/test_server.go,60,REDACTED,test/integration/framework/test_server.go:private-key:60,TP,private key material (test fixture)
kubernetes,b2ec8b6fefac,gitleaks,generic-api-key,,test/integration/storageversionmigrator/util.go,78,REDACTED,test/integration/storageversionmigrator/util.go:generic-api-key:78,FP,uuid
kubernetes,b2ec8b6fefac,gitleaks,generic-api-key,,test/integration/storageversionmigrator/util.go,123,REDACTED,test/integration/storageversionmigrator/util.go:generic-api-key:123,FP,literal placeholder
kubernetes,b2ec8b6fefac,gitleaks,generic-api-key,,test/integration/storageversionmigrator/util.go,135,REDACTED,test/integration/storageversionmigrator/util.go:generic-api-key:135,FP,literal placeholder
kubernetes,b2ec8b6fefac,gitleaks,generic-api-key,,test/integration/storageversionmigrator/util.go,139,REDACTED,test/integration/storageversionmigrator/util.go:generic-api-key:139,FP,literal placeholder
kubernetes,b2ec8b6fefac,gitleaks,private-key,,test/utils/admission_webhook.go,112,REDACTED,test/utils/admission_webhook.go:private-key:112,TP,private key material (test fixture)
kubernetes,b2ec8b6fefac,secretloop,generic-high-entropy,medium,CHANGELOG/CHANGELOG-1.14.md,1698,kube********************4cc9,CHANGELOG/CHANGELOG-1.14.md:generic-high-entropy:5788dfb9a04c7c32,FP,documentation example
kubernetes,b2ec8b6fefac,secretloop,generic-high-entropy,medium,CHANGELOG/CHANGELOG-1.34.md,1558,IsDN********************core,CHANGELOG/CHANGELOG-1.34.md:generic-high-entropy:101a7981f374413a,FP,documentation example
kubernetes,b2ec8b6fefac,secretloop,generic-high-entropy,medium,CHANGELOG/CHANGELOG-1.36.md,980,KUBE********************alse,CHANGELOG/CHANGELOG-1.36.md:generic-high-entropy:3efe0150c1d83d5e,FP,long identifier or type name
kubernetes,b2ec8b6fefac,secretloop,generic-high-entropy,medium,CHANGELOG/CHANGELOG-1.5.md,280,--ru********************true,CHANGELOG/CHANGELOG-1.5.md:generic-high-entropy:09a52dec7493db23,FP,documentation example
kubernetes,b2ec8b6fefac,secretloop,generic-high-entropy,medium,CHANGELOG/CHANGELOG-1.5.md,736,poli********************dget,CHANGELOG/CHANGELOG-1.5.md:generic-high-entropy:86268155905b6a1e,FP,documentation example
kubernetes,b2ec8b6fefac,secretloop,generic-high-entropy,medium,CHANGELOG/CHANGELOG-1.5.md,736,poli********************dget,CHANGELOG/CHANGELOG-1.5.md:generic-high-entropy:e81181bb49291ed9,FP,documentation example
kubernetes,b2ec8b6fefac,secretloop,generic-high-entropy,medium,CHANGELOG/CHANGELOG-1.5.md,736,poli********************dget,CHANGELOG/CHANGELOG-1.5.md:generic-high-entropy:86268155905b6a1e,FP,documentation example
kubernetes,b2ec8b6fefac,secretloop,generic-high-entropy,medium,CHANGELOG/CHANGELOG-1.6.md,1934,Cent********************1604,CHANGELOG/CHANGELOG-1.6.md:generic-high-entropy:edbd093f5448d714,FP,documentation example
kubernetes,b2ec8b6fefac,secretloop,generic-high-entropy,medium,CHANGELOG/CHANGELOG-1.6.md,2577,Cent********************1604,CHANGELOG/CHANGELOG-1.6.md:generic-high-entropy:edbd093f5448d714,FP,documentation example
kubernetes,b2ec8b6fefac,secretloop,generic-high-entropy,medium,CHANGELOG/CHANGELOG-1.7.md,2753,alph********************true,CHANGELOG/CHANGELOG-1.7.md:generic-high-entropy:4b1e181e229e2b20,FP,documentation example
kubernetes,b2ec8b6fefac,secretloop,generic-high-entropy,medium,CHANGELOG/CHANGELOG-1.8.md,2992,alph********************true,CHANGELOG/CHANGELOG-1.8.md:generic-high-entropy:4b1e181e229e2b20,FP,documentation example
kubernetes,b2ec8b6fefac,secretloop,generic-high-entropy,medium,api/openapi-spec/v3/apis__apps__v1_openapi.json,14405,watc********************List,api/openapi-spec/v3/apis__apps__v1_openapi.json:generic-high-entropy:793e55a06cb2baea,FP,long identifier or type name
kubernetes,b2ec8b6fefac,secretloop,generic-high-entropy,medium,api/openapi-spec/v3/apis__authorization.k8s.io__v1_openapi.json,965,crea********************view,api/openapi-spec/v3/apis__authorization.k8s.io__v1_openapi.json:generic-high-entropy:3ef3cc4fb12b03cd,FP,long identifier or type name
kubernetes,b2ec8b6fefac,secretloop,generic-high-entropy,medium,api/openapi-spec/v3/apis__autoscaling__v1_openapi.json,2245,watc********************aces,api/openapi-spec/v3/apis__autoscaling__v1_openapi.json:generic-high-entropy:62951e8f61b1baa4,FP,long identifier or type name
kubernetes,b2ec8b6fefac,secretloop,generic-high-entropy,medium,api/openapi-spec/v3/apis__autoscaling__v1_openapi.json,2415,watc********************List,api/openapi-spec/v3/apis__autoscaling__v1_openapi.json:generic-high-entropy:02f2c3f435ec6dbc,FP,long identifier or type name
kubernetes,b2ec8b6fefac,secretloop,generic-high-entropy,medium,api/openapi-spec/v3/apis__autoscaling__v1_openapi.json,2595,watc********************aler,api/openapi-spec/v3/apis__autoscaling__v1_openapi.json:generic-high-entropy:19545ce61403f73d,FP,long identifier or type name
kubernetes,b2ec8b6fefac,secretloop,generic-high-entropy,medium,api/openapi-spec/v3/apis__autoscaling__v2_openapi.json,2940,watc********************aces,api/openapi-spec/v3/apis__autoscaling__v2_openapi.json:generic-high-entropy:4853db859c9f6372,FP,long identifier or type name
kubernetes,b2ec8b6fefac,secretloop,generic-high-entropy,medium,api/openapi-spec/v3/apis__autoscaling__v2_openapi.json,3110,watc********************List,api/openapi-spec/v3/apis__autoscaling__v2_openapi.json:generic-high-entropy:101f04eb3d0d688f,FP,long identifier or type name
kubernetes,b2ec8b6fefac,secretloop,generic-high-entropy,medium,api/openapi-spec/v3/apis__autoscaling__v2_openapi.json,3290,watc********************aler,api/openapi-spec/v3/apis__autoscaling__v2_openapi.json:generic-high-entropy:479b641e6fb6d787,FP,long identifier or type name
kubernetes,b2ec8b6fefac,secretloop,generic-high-entropy,medium,api/openapi-spec/v3/apis__batch__v1_openapi.json,8319,watc********************aces,api/openapi-spec/v3/apis__batch__v1_openapi.json:generic-high-entropy:e335b53602a86600,FP,long identifier or type name
kubernetes,b2ec8b6fefac,secretloop,generic-high-entropy,medium,api/openapi-spec/v3/apis__coordination.k8s.io__v1alpha2_openapi.json,721,getC********************rces,api/openapi-spec/v3/apis__coordination.k8s.io__v1alpha2_openapi.json:generic-high-entropy:2f1433ed0df92450,FP,long identifier or type name
kubernetes,b2ec8b6fefac,secretloop,generic-high-entropy,medium,api/openapi-spec/v3/apis__discovery.k8s.io__v1_openapi.json,2017,watc********************aces,api/openapi-spec/v3/apis__discovery.k8s.io__v1_openapi.json:generic-high-entropy:a6a561c73f9a0eec,FP,long identifier or type name
kubernetes,b2ec8b6fefac,secretloop,generic-high-entropy,medium,api/openapi-spec/v3/apis__discovery.k8s.io__v1_openapi.json,2187,watc********************List,api/openapi-spec/v3/apis__discovery.k8s.io__v1_openapi.json:generic-high-entropy:c2af2981a24d6da9,FP,long identifier or type name
kubernetes,b2ec8b6fefac,secretloop,generic-high-entropy,medium,api/openapi-spec/v3/apis__discovery.k8s.io__v1_openapi.json,2367,watc********************lice,api/openapi-spec/v3/apis__discovery.k8s.io__v1_openapi.json:generic-high-entropy:336350380f20602f,FP,long identifier or type name
kubernetes,b2ec8b6fefac,secretloop,generic-high-entropy,medium,api/openapi-spec/v3/apis__flowcontrol.apiserver.k8s.io__v1_openapi.json,3469,read********************atus,api/openapi-spec/v3/apis__flowcontrol.apiserver.k8s.io__v1_openapi.json:generic-high-entropy:725f159803e6212c,FP,long identifier or type name
kubernetes,b2ec8b6fefac,secretloop,generic-high-entropy,medium,api/openapi-spec/v3/apis__flowcontrol.apiserver.k8s.io__v1_openapi.json,3533,patc********************atus,api/openapi-spec/v3/apis__flowcontrol.apiserver.k8s.io__v1_openapi.json:generic-high-entropy:ff67681a98b73979,FP,long identifier or type name
kubernetes,b2ec8b6fefac,secretloop,generic-high-entropy,medium,api/openapi-spec/v3/apis__lifecycle.k8s.io__v1alpha1_openapi.json,1171,list********************aces,api/openapi-spec/v3/apis__lifecycle.k8s.io__v1alpha1_openapi.json:generic-high-entropy:bb25ddc6646cb0d1,FP,long identifier or type name
kubernetes,b2ec8b6fefac,secretloop,generic-high-entropy,medium,api/openapi-spec/v3/apis__lifecycle.k8s.io__v1alpha1_openapi.json,2129,read********************uest,api/openapi-spec/v3/apis__lifecycle.k8s.io__v1alpha1_openapi.json:generic-high-entropy:e08e01932800c392,FP,long identifier or type name
kubernetes,b2ec8b6fefac,secretloop,generic-high-entropy,medium,api/openapi-spec/v3/apis__lifecycle.k8s.io__v1alpha1_openapi.json,2448,read********************atus,api/openapi-spec/v3/apis__lifecycle.k8s.io__v1alpha1_openapi.json:generic-high-entropy:c5deaf273c4972f0,FP,long identifier or type name
kubernetes,b2ec8b6fefac,secretloop,generic-high-entropy,medium,api/openapi-spec/v3/apis__lifecycle.k8s.io__v1alpha1_openapi.json,4023,watc********************aces,api/openapi-spec/v3/apis__lifecycle.k8s.io__v1alpha1_openapi.json:generic-high-entropy:e9fa2be4735cadef,FP,long identifier or type name
kubernetes,b2ec8b6fefac,secretloop,generic-high-entropy,medium,api/openapi-spec/v3/apis__lifecycle.k8s.io__v1alpha1_openapi.json,4193,watc********************aces,api/openapi-spec/v3/apis__lifecycle.k8s.io__v1alpha1_openapi.json:generic-high-entropy:0cd77dc383e60850,FP,long identifier or type name
kubernetes,b2ec8b6fefac,secretloop,generic-high-entropy,medium,api/openapi-spec/v3/apis__lifecycle.k8s.io__v1alpha1_openapi.json,4363,watc********************List,api/openapi-spec/v3/apis__lifecycle.k8s.io__v1alpha1_openapi.json:generic-high-entropy:63003e9843f4aeac,FP,long identifier or type name
kubernetes,b2ec8b6fefac,secretloop,generic-high-entropy,medium,api/openapi-spec/v3/apis__lifecycle.k8s.io__v1alpha1_openapi.json,4543,watc********************uest,api/openapi-spec/v3/apis__lifecycle.k8s.io__v1alpha1_openapi.json:generic-high-entropy:5fdf599793d337a4,FP,long identifier or type name
kubernetes,b2ec8b6fefac,secretloop,generic-high-entropy,medium,api/openapi-spec/v3/apis__networking.k8s.io__v1_openapi.json,3470,patc******************ress,api/openapi-spec/v3/apis__networking.k8s.io__v1_openapi.json:generic-high-entropy:d8d34f5668d169db,FP,long identifier or type name
kubernetes,b2ec8b6fefac,secretloop,generic-high-entropy,medium,api/openapi-spec/v3/apis__networking.k8s.io__v1_openapi.json,6750,patc********************CIDR,api/openapi-spec/v3/apis__networking.k8s.io__v1_openapi.json:generic-high-entropy:c93adbc5a0772d94,FP,long identifier or type name
kubernetes,b2ec8b6fefac,secretloop,generic-high-entropy,medium,api/openapi-spec/v3/apis__networking.k8s.io__v1_openapi.json,6995,read********************atus,api/openapi-spec/v3/apis__networking.k8s.io__v1_openapi.json:generic-high-entropy:b5c6450d1b2bebd2,FP,long identifier or type name
kubernetes,b2ec8b6fefac,secretloop,generic-high-entropy,medium,api/openapi-spec/v3/apis__networking.k8s.io__v1_openapi.json,7059,patc********************atus,api/openapi-spec/v3/apis__networking.k8s.io__v1_openapi.json:generic-high-entropy:835f61a5bb364ffe,FP,long identifier or type name
kubernetes,b2ec8b6fefac,secretloop,generic-high-entropy,medium,api/openapi-spec/v3/apis__networking.k8s.io__v1_openapi.json,7195,repl********************atus,api/openapi-spec/v3/apis__networking.k8s.io__v1_openapi.json:generic-high-entropy:4c8c39c51262372a,FP,long identifier or type name
kubernetes,b2ec8b6fefac,secretloop,generic-high-entropy,medium,api/openapi-spec/v3/apis__networking.k8s.io__v1_openapi.json,7654,watc********************aces,api/openapi-spec/v3/apis__networking.k8s.io__v1_openapi.json:generic-high-entropy:7ffd43a4e2c09d78,FP,long identifier or type name
kubernetes,b2ec8b6fefac,secretloop,generic-high-entropy,medium,api/openapi-spec/v3/apis__networking.k8s.io__v1_openapi.json,8544,watc********************List,api/openapi-spec/v3/apis__networking.k8s.io__v1_openapi.json:generic-high-entropy:cf7e41fe37bf3e99,FP,long identifier or type name
kubernetes,b2ec8b6fefac,secretloop,generic-high-entropy,medium,api/openapi-spec/v3/apis__networking.k8s.io__v1_openapi.json,8914,watc********************aces,api/openapi-spec/v3/apis__networking.k8s.io__v1_openapi.json:generic-high-entropy:46abe18e7cf08b08,FP,long identifier or type name
kubernetes,b2ec8b6fefac,secretloop,generic-high-entropy,medium,api/openapi-spec/v3/apis__networking.k8s.io__v1_openapi.json,9084,watc********************List,api/openapi-spec/v3/apis__networking.k8s.io__v1_openapi.json:generic-high-entropy:19c1d7e5ed91ae8e,FP,long identifier or type name
kubernetes,b2ec8b6fefac,secretloop,generic-high-entropy,medium,api/openapi-spec/v3/apis__policy__v1_openapi.json,1605,patc********************dget,api/openapi-spec/v3/apis__policy__v1_openapi.json:generic-high-entropy:36c8cccc0cc30cfa,FP,long identifier or type name
kubernetes,b2ec8b6fefac,secretloop,generic-high-entropy,medium,api/openapi-spec/v3/apis__policy__v1_openapi.json,1924,patc********************atus,api/openapi-spec/v3/apis__policy__v1_openapi.json:generic-high-entropy:c06821f4ff871902,FP,long identifier or type name
kubernetes,b2ec8b6fefac,secretloop,generic-high-entropy,medium,api/openapi-spec/v3/apis__policy__v1_openapi.json,2060,repl********************atus,api/openapi-spec/v3/apis__policy__v1_openapi.json:generic-high-entropy:878274c6f366a991,FP,long identifier or type name
kubernetes,b2ec8b6fefac,secretloop,generic-high-entropy,medium,api/openapi-spec/v3/apis__policy__v1_openapi.json,2169,list********************aces,api/openapi-spec/v3/apis__policy__v1_openapi.json:generic-high-entropy:eb3fd67cd39e3546,FP,long identifier or type name
kubernetes,b2ec8b6fefac,secretloop,generic-high-entropy,medium,api/openapi-spec/v3/apis__policy__v1_openapi.json,2339,watc********************List,api/openapi-spec/v3/apis__policy__v1_openapi.json:generic-high-entropy:403d0cd324cc4c7b,FP,long identifier or type name
kubernetes,b2ec8b6fefac,secretloop,generic-high-entropy,medium,api/openapi-spec/v3/apis__policy__v1_openapi.json,2519,watc********************dget,api/openapi-spec/v3/apis__policy__v1_openapi.json:generic-high-entropy:3826c62f822da6c2,FP,long identifier or type name
kubernetes,b2ec8b6fefac,secretloop,generic-high-entropy,medium,api/openapi-spec/v3/apis__policy__v1_openapi.json,2709,watc********************aces,api/openapi-spec/v3/apis__policy__v1_openapi.json:generic-high-entropy:851c3f1ac52ff4f0,FP,long identifier or type name
kubernetes,b2ec8b6fefac,secretloop,generic-high-entropy,medium,api/openapi-spec/v3/apis__rbac.authorization.k8s.io__v1_openapi.json,1812,patc********************ding,api/openapi-spec/v3/apis__rbac.authorization.k8s.io__v1_openapi.json:generic-high-entropy:49db380668c62d6a,FP,long identifier or type name
kubernetes,b2ec8b6fefac,secretloop,generic-high-entropy,medium,api/openapi-spec/v3/apis__rbac.authorization.k8s.io__v1_openapi.json,1948,repl********************ding,api/openapi-spec/v3/apis__rbac.authorization.k8s.io__v1_openapi.json:generic-high-entropy:27d4d5373326328c,FP,long identifier or type name
kubernetes,b2ec8b6fefac,secretloop,generic-high-entropy,medium,api/openapi-spec/v3/apis__rbac.authorization.k8s.io__v1_openapi.json,3154,list********************ding,api/openapi-spec/v3/apis__rbac.authorization.k8s.io__v1_openapi.json:generic-high-entropy:0dee98105ef997ef,FP,long identifier or type name
kubernetes,b2ec8b6fefac,secretloop,generic-high-entropy,medium,api/openapi-spec/v3/apis__rbac.authorization.k8s.io__v1_openapi.json,3334,crea********************ding,api/openapi-spec/v3/apis__rbac.authorization.k8s.io__v1_openapi.json:generic-high-entropy:7e2176bebb83d772,FP,long identifier or type name
kubernetes,b2ec8b6fefac,secretloop,generic-high-entropy,medium,api/openapi-spec/v3/apis__rbac.authorization.k8s.io__v1_openapi.json,3592,read********************ding,api/openapi-spec/v3/apis__rbac.authorization.k8s.io__v1_openapi.json:generic-high-entropy:6107014a5935f19e,FP,long identifier or type name
kubernetes,b2ec8b6fefac,secretloop,generic-high-entropy,medium,api/openapi-spec/v3/apis__rbac.authorization.k8s.io__v1_openapi.json,3666,patc********************ding,api/openapi-spec/v3/apis__rbac.authorization.k8s.io__v1_openapi.json:generic-high-entropy:9f35e063979c0ff8,FP,long identifier or type name
kubernetes,b2ec8b6fefac,secretloop,generic-high-entropy,medium,api/openapi-spec/v3/apis__rbac.authorization.k8s.io__v1_openapi.json,3802,repl********************ding,api/openapi-spec/v3/apis__rbac.authorization.k8s.io__v1_openapi.json:generic-high-entropy:a2c87e1d1c0b58f9,FP,long identifier or type name
kubernetes,b2ec8b6fefac,secretloop,generic-high-entropy,medium,api/openapi-spec/v3/apis__rbac.authorization.k8s.io__v1_openapi.json,4848,list********************aces,api/openapi-spec/v3/apis__rbac.authorization.k8s.io__v1_openapi.json:generic-high-entropy:119289ff74a05241,FP,long identifier or type name
kubernetes,b2ec8b6fefac,secretloop,generic-high-entropy,medium,api/openapi-spec/v3/apis__rbac.authorization.k8s.io__v1_openapi.json,5188,watc********************List,api/openapi-spec/v3/apis__rbac.authorization.k8s.io__v1_openapi.json:generic-high-entropy:2c67630fe3750fab,FP,long identifier or type name
kubernetes,b2ec8b6fefac,secretloop,generic-high-entropy,medium,api/openapi-spec/v3/apis__rbac.authorization.k8s.io__v1_openapi.json,5358,watc********************ding,api/openapi-spec/v3/apis__rbac.authorization.k8s.io__v1_openapi.json:generic-high-entropy:c0aadde443107ebd,FP,long identifier or type name
kubernetes,b2ec8b6fefac,secretloop,generic-high-entropy,medium,api/openapi-spec/v3/apis__rbac.authorization.k8s.io__v1_openapi.json,5888,watc********************List,api/openapi-spec/v3/apis__rbac.authorization.k8s.io__v1_openapi.json:generic-high-entropy:9c2668e7bad70994,FP,long identifier or type name
kubernetes,b2ec8b6fefac,secretloop,generic-high-entropy,medium,api/openapi-spec/v3/apis__rbac.authorization.k8s.io__v1_openapi.json,6068,watc********************ding,api/openapi-spec/v3/apis__rbac.authorization.k8s.io__v1_openapi.json:generic-high-entropy:872d96d6124d459f,FP,long identifier or type name
kubernetes,b2ec8b6fefac,secretloop,generic-high-entropy,medium,api/openapi-spec/v3/apis__rbac.authorization.k8s.io__v1_openapi.json,6258,watc********************List,api/openapi-spec/v3/apis__rbac.authorization.k8s.io__v1_openapi.json:generic-high-entropy:8e32a871b6be67f3,FP,long identifier or type name
kubernetes,b2ec8b6fefac,secretloop,generic-high-entropy,medium,api/openapi-spec/v3/apis__rbac.authorization.k8s.io__v1_openapi.json,6628,watc********************aces,api/openapi-spec/v3/apis__rbac.authorization.k8s.io__v1_openapi.json:generic-high-entropy:3122dedb100c050b,FP,long identifier or type name
kubernetes,b2ec8b6fefac,secretloop,generic-high-entropy,medium,api/openapi-spec/v3/apis__rbac.authorization.k8s.io__v1_openapi.json,6798,watc********************aces,api/openapi-spec/v3/apis__rbac.authorization.k8s.io__v1_openapi.json:generic-high-entropy:004d68796ffbe4d1,FP,long identifier or type name
kubernetes,b2ec8b6fefac,secretloop,generic-high-entropy,medium,api/openapi-spec/v3/apis__scheduling.k8s.io__v1alpha3_openapi.json,1564,getS********************rces,api/openapi-spec/v3/apis__scheduling.k8s.io__v1alpha3_openapi.json:generic-high-entropy:7b71fdedf377df51,FP,long identifier or type name
kubernetes,b2ec8b6fefac,secretloop,generic-high-entropy,medium,api/openapi-spec/v3/apis__scheduling.k8s.io__v1alpha3_openapi.json,1603,list********************aces,api/openapi-spec/v3/apis__scheduling.k8s.io__v1alpha3_openapi.json:generic-high-entropy:c1686b6f9b21d229,FP,long identifier or type name
kubernetes,b2ec8b6fefac,secretloop,generic-high-entropy,medium,api/openapi-spec/v3/apis__scheduling.k8s.io__v1alpha3_openapi.json,1953,list********************roup,api/openapi-spec/v3/apis__scheduling.k8s.io__v1alpha3_openapi.json:generic-high-entropy:b54d1c61a50c06c8,FP,long identifier or type name
kubernetes,b2ec8b6fefac,secretloop,generic-high-entropy,medium,api/openapi-spec/v3/apis__scheduling.k8s.io__v1alpha3_openapi.json,2133,crea********************roup,api/openapi-spec/v3/apis__scheduling.k8s.io__v1alpha3_openapi.json:generic-high-entropy:279934c40a4f7854,FP,long identifier or type name
kubernetes,b2ec8b6fefac,secretloop,generic-high-entropy,medium,api/openapi-spec/v3/apis__scheduling.k8s.io__v1alpha3_openapi.json,2391,read********************roup,api/openapi-spec/v3/apis__scheduling.k8s.io__v1alpha3_openapi.json:generic-high-entropy:e2fe0215e7a7d433,FP,long identifier or type name
kubernetes,b2ec8b6fefac,secretloop,generic-high-entropy,medium,api/openapi-spec/v3/apis__scheduling.k8s.io__v1alpha3_openapi.json,2465,patc********************roup,api/openapi-spec/v3/apis__scheduling.k8s.io__v1alpha3_openapi.json:generic-high-entropy:f75bf267e38d44f9,FP,long identifier or type name
kubernetes,b2ec8b6fefac,secretloop,generic-high-entropy,medium,api/openapi-spec/v3/apis__scheduling.k8s.io__v1alpha3_openapi.json,2710,read********************atus,api/openapi-spec/v3/apis__scheduling.k8s.io__v1alpha3_openapi.json:generic-high-entropy:8f029a52c8cb5538,FP,long identifier or type name
kubernetes,b2ec8b6fefac,secretloop,generic-high-entropy,medium,api/openapi-spec/v3/apis__scheduling.k8s.io__v1alpha3_openapi.json,2784,patc********************atus,api/openapi-spec/v3/apis__scheduling.k8s.io__v1alpha3_openapi.json:generic-high-entropy:897636a8a30132cb,FP,long identifier or type name
kubernetes,b2ec8b6fefac,secretloop,generic-high-entropy,medium,api/openapi-spec/v3/apis__scheduling.k8s.io__v1alpha3_openapi.json,2920,repl********************atus,api/openapi-spec/v3/apis__scheduling.k8s.io__v1alpha3_openapi.json:generic-high-entropy:0b0e30e78c703206,FP,long identifier or type name
kubernetes,b2ec8b6fefac,secretloop,generic-high-entropy,medium,api/openapi-spec/v3/apis__scheduling.k8s.io__v1alpha3_openapi.json,3209,list********************roup,api/openapi-spec/v3/apis__scheduling.k8s.io__v1alpha3_openapi.json:generic-high-entropy:e5122d70ff011e85,FP,long identifier or type name
kubernetes,b2ec8b6fefac,secretloop,generic-high-entropy,medium,api/openapi-spec/v3/apis__scheduling.k8s.io__v1alpha3_openapi.json,5222,list********************aces,api/openapi-spec/v3/apis__scheduling.k8s.io__v1alpha3_openapi.json:generic-high-entropy:082eb4830cab2772,FP,long identifier or type name
kubernetes,b2ec8b6fefac,secretloop,generic-high-entropy,medium,api/openapi-spec/v3/apis__scheduling.k8s.io__v1alpha3_openapi.json,5392,watc********************aces,api/openapi-spec/v3/apis__scheduling.k8s.io__v1alpha3_openapi.json:generic-high-entropy:97be04929e3ada05,FP,long identifier or type name
kubernetes,b2ec8b6fefac,secretloop,generic-high-entropy,medium,api/openapi-spec/v3/apis__scheduling.k8s.io__v1alpha3_openapi.json,5562,watc********************List,api/openapi-spec/v3/apis__scheduling.k8s.io__v1alpha3_openapi.json:generic-high-entropy:bbf948bd1585c92e,FP,long identifier or type name
kubernetes,b2ec8b6fefac,secretloop,generic-high-entropy,medium,api/openapi-spec/v3/apis__scheduling.k8s.io__v1alpha3_openapi.json,5742,watc********************roup,api/openapi-spec/v3/apis__scheduling.k8s.io__v1alpha3_openapi.json:generic-high-entropy:342c726cc0b080af,FP,long identifier or type name
kubernetes,b2ec8b6fefac,secretloop,generic-high-entropy,medium,api/openapi-spec/v3/apis__scheduling.k8s.io__v1alpha3_openapi.json,5932,watc********************List,api/openapi-spec/v3/apis__scheduling.k8s.io__v1alpha3_openapi.json:generic-high-entropy:e8b4f14ef8cc37e2,FP,long identifier or type name
kubernetes,b2ec8b6fefac,secretloop,generic-high-entropy,medium,api/openapi-spec/v3/apis__scheduling.k8s.io__v1alpha3_openapi.json,6112,watc********************roup,api/openapi-spec/v3/apis__scheduling.k8s.io__v1alpha3_openapi.json:generic-high-entropy:b3d9e6c90b0d35c3,FP,long identifier or type name
kubernetes,b2ec8b6fefac,secretloop,generic-high-entropy,medium,api/openapi-spec/v3/apis__scheduling.k8s.io__v1alpha3_openapi.json,6302,watc********************List,api/openapi-spec/v3/apis__scheduling.k8s.io__v1alpha3_openapi.json:generic-high-entropy:38dc03deb3a51f7e,FP,long identifier or type name
kubernetes,b2ec8b6fefac,secretloop,generic-high-entropy,medium,api/openapi-spec/v3/apis__scheduling.k8s.io__v1alpha3_openapi.json,6482,watc********************load,api/openapi-spec/v3/apis__scheduling.k8s.io__v1alpha3_openapi.json:generic-high-entropy:e80c5f7be7c1298a,FP,long identifier or type name
kubernetes,b2ec8b6fefac,secretloop,generic-high-entropy,medium,api/openapi-spec/v3/apis__scheduling.k8s.io__v1alpha3_openapi.json,6672,watc********************aces,api/openapi-spec/v3/apis__scheduling.k8s.io__v1alpha3_openapi.json:generic-high-entropy:e270eafa06115b18,FP,long identifier or type name
kubernetes,b2ec8b6fefac,secretloop,generic-high-entropy,medium,api/openapi-spec/v3/apis__scheduling.k8s.io__v1alpha3_openapi.json,6842,watc********************aces,api/openapi-spec/v3/apis__scheduling.k8s.io__v1alpha3_openapi.json:generic-high-entropy:39429120f4674c51,FP,long identifier or type name
kubernetes,b2ec8b6fefac,secretloop,generic-high-entropy,medium,api/openapi-spec/v3/apis__scheduling.k8s.io__v1alpha3_openapi.json,7012,list********************aces,api/openapi-spec/v3/apis__scheduling.k8s.io__v1alpha3_openapi.json:generic-high-entropy:db7ef3ec2c2a3782,FP,long identifier or type name
kubernetes,b2ec8b6fefac,secretloop,generic-high-entropy,medium,api/openapi-spec/v3/apis__scheduling.k8s.io__v1beta1_openapi.json,1610,list********************roup,api/openapi-spec/v3/apis__scheduling.k8s.io__v1beta1_openapi.json:generic-high-entropy:1ef2fc53cf1c5a90,FP,long identifier or type name
kubernetes,b2ec8b6fefac,secretloop,generic-high-entropy,medium,api/openapi-spec/v3/apis__scheduling.k8s.io__v1beta1_openapi.json,2122,patc********************roup,api/openapi-spec/v3/apis__scheduling.k8s.io__v1beta1_openapi.json:generic-high-entropy:99e2ae6d9c5c7959,FP,long identifier or type name
kubernetes,b2ec8b6fefac,secretloop,generic-high-entropy,medium,api/openapi-spec/v3/apis__scheduling.k8s.io__v1beta1_openapi.json,2866,list********************load,api/openapi-spec/v3/apis__scheduling.k8s.io__v1beta1_openapi.json:generic-high-entropy:d2e21694498f1fb1,FP,long identifier or type name
kubernetes,b2ec8b6fefac,secretloop,generic-high-entropy,medium,api/openapi-spec/v3/apis__scheduling.k8s.io__v1beta1_openapi.json,3623,list********************aces,api/openapi-spec/v3/apis__scheduling.k8s.io__v1beta1_openapi.json:generic-high-entropy:47e6eb36aeeb5869,FP,long identifier or type name
kubernetes,b2ec8b6fefac,secretloop,generic-high-entropy,medium,api/openapi-spec/v3/apis__scheduling.k8s.io__v1beta1_openapi.json,3793,watc********************List,api/openapi-spec/v3/apis__scheduling.k8s.io__v1beta1_openapi.json:generic-high-entropy:0200e4bf02ed3fcb,FP,long identifier or type name
kubernetes,b2ec8b6fefac,secretloop,generic-high-entropy,medium,api/openapi-spec/v3/apis__scheduling.k8s.io__v1beta1_openapi.json,3973,watc********************roup,api/openapi-spec/v3/apis__scheduling.k8s.io__v1beta1_openapi.json:generic-high-entropy:53780eee05a8bc54,FP,long identifier or type name
kubernetes,b2ec8b6fefac,secretloop,generic-high-entropy,medium,api/openapi-spec/v3/apis__scheduling.k8s.io__v1beta1_openapi.json,4163,watc********************List,api/openapi-spec/v3/apis__scheduling.k8s.io__v1beta1_openapi.json:generic-high-entropy:8fca67c0cec4ac2f,FP,long identifier or type name
kubernetes,b2ec8b6fefac,secretloop,generic-high-entropy,medium,api/openapi-spec/v3/apis__scheduling.k8s.io__v1beta1_openapi.json,4343,watc********************load,api/openapi-spec/v3/apis__scheduling.k8s.io__v1beta1_openapi.json:generic-high-entropy:b959b9a0c7ca3235,FP,long identifier or type name
kubernetes,b2ec8b6fefac,secretloop,generic-high-entropy,medium,api/openapi-spec/v3/apis__scheduling.k8s.io__v1beta1_openapi.json,4533,watc********************aces,api/openapi-spec/v3/apis__scheduling.k8s.io__v1beta1_openapi.json:generic-high-entropy:f8cb979ed1a787b1,FP,long identifier or type name
kubernetes,b2ec8b6fefac,secretloop,generic-high-entropy,medium,api/openapi-spec/v3/apis__scheduling.k8s.io__v1beta1_openapi.json,4703,watc********************aces,api/openapi-spec/v3/apis__scheduling.k8s.io__v1beta1_openapi.json:generic-high-entropy:f914e6b8bb6082a3,FP,long identifier or type name
kubernetes,b2ec8b6fefac,secretloop,generic-high-entropy,medium,api/openapi-spec/v3/apis__scheduling.k8s.io__v1beta1_openapi.json,4873,list********************aces,api/openapi-spec/v3/apis__scheduling.k8s.io__v1beta1_openapi.json:generic-high-entropy:065459daf7fc0db7,FP,long identifier or type name
kubernetes,b2ec8b6fefac,secretloop,generic-high-entropy,medium,cmd/kube-apiserver/app/options/options_test.go,128,--se********************0/17,cmd/kube-apiserver/app/options/options_test.go:generic-high-entropy:6a34b54fe0d71fbb,FP,command-line flag string
kubernetes,b2ec8b6fefac,secretloop,private-key-block,critical,cmd/kube-apiserver/app/testing/testdata/127.0.0.1_10.0.0.1_kubernetes.default.svc-kubernetes.default-kubernetes-localhost.key,1,----********************----,cmd/kube-apiserver/app/testing/testdata/127.0.0.1_10.0.0.1_kubernetes.default.svc-kubernetes.default-kubernetes-localhost.key:private-key-block:5142367848b786fb,TP,private key material (test fixture)
kubernetes,b2ec8b6fefac,secretloop,private-key-block,critical,cmd/kube-apiserver/app/testing/testserver.go,80,----********************----,cmd/kube-apiserver/app/testing/testserver.go:private-key-block:db9b8a2dbba2c12e,TP,private key material (test fixture)
kubernetes,b2ec8b6fefac,secretloop,generic-high-entropy,medium,cmd/kubeadm/app/cmd/util/join_test.go,69,LS0t********************LQ==,cmd/kubeadm/app/cmd/util/join_test.go:generic-high-entropy:5ac6791260a68979,FP,literal placeholder
kubernetes,b2ec8b6fefac,secretloop,private-key-block,critical,cmd/kubeadm/app/preflight/checks_test.go,122,----********************----,cmd/kubeadm/app/preflight/checks_test.go:private-key-block:781adc7fc10f0074,TP,private key material (test fixture)
kubernetes,b2ec8b6fefac,secretloop,generic-high-entropy,medium,cmd/kubeadm/app/util/apiclient/dryrun.go,610,eyJh********************brIM,cmd/kubeadm/app/util/apiclient/dryrun.go:generic-high-entropy:490f54fa4cd7ce64,FP,"detached signature, not a credential"
kubernetes,b2ec8b6fefac,secretloop,private-key-block,critical,cmd/kubeadm/app/util/pkiutil/testing/testdata/1.rsa.key,1,----********************----,cmd/kubeadm/app/util/pkiutil/testing/testdata/1.rsa.key:private-key-block:427ad07273118535,TP,private key material (test fixture)
kubernetes,b2ec8b6fefac,secretloop,private-key-block,critical,cmd/kubeadm/app/util/pkiutil/testing/testdata/10.rsa.key,1,----********************----,cmd/kubeadm/app/util/pkiutil/testing/testdata/10.rsa.key:private-key-block:056aaa2ad1ed7c83,TP,private key material (test fixture)
kubernetes,b2ec8b6fefac,secretloop,private-key-block,critical,cmd/kubeadm/app/util/pkiutil/testing/testdata/11.rsa.key,1,----********************----,cmd/kubeadm/app/util/pkiutil/testing/testdata/11.rsa.key:private-key-block:88864db85e94cd13,TP,private key material (test fixture)
kubernetes,b2ec8b6fefac,secretloop,private-key-block,critical,cmd/kubeadm/app/util/pkiutil/testing/testdata/12.rsa.key,1,----********************----,cmd/kubeadm/app/util/pkiutil/testing/testdata/12.rsa.key:private-key-block:7bb31f98e61a2fb3,TP,private key material (test fixture)
kubernetes,b2ec8b6fefac,secretloop,private-key-block,critical,cmd/kubeadm/app/util/pkiutil/testing/testdata/13.rsa.key,1,----********************----,cmd/kubeadm/app/util/pkiutil/testing/testdata/13.rsa.key:private-key-block:0ff09ea7d722c423,TP,private key material (test fixture)
kubernetes,b2ec8b6fefac,secretloop,private-key-block,critical,cmd/kubeadm/app/util/pkiutil/testing/testdata/14.rsa.key,1,----********************----,cmd/kubeadm/app/util/pkiutil/testing/testdata/14.rsa.key:private-key-block:56a24662649cc438,TP,private key material (test fixture)
kubernetes,b2ec8b6fefac,secretloop,private-key-block,critical,cmd/kubeadm/app/util/pkiutil/testing/testdata/15.rsa.key,1,----********************----,cmd/kubeadm/app/util/pkiutil/testing/testdata/15.rsa.key:private-key-block:2a80b82034e71d4a,TP,private key material (test fixture)
kubernetes,b2ec8b6fefac,secretloop,private-key-block,critical,cmd/kubeadm/app/util/pkiutil/testing/testdata/16.rsa.key,1,----********************----,cmd/kubeadm/app/util/pkiutil/testing/testdata/16.rsa.key:private-key-block:54bb905ff0157f94,TP,private key material (test fixture)
kubernetes,b2ec8b6fefac,secretloop,private-key-block,critical,cmd/kubeadm/app/util/pkiutil/testing/testdata/17.rsa.key,1,----********************----,cmd/kubeadm/app/util/pkiutil/testing/testdata/17.rsa.key:private-key-block:265aa4286ad85955,TP,private key material (test fixture)
kubernetes,b2ec8b6fefac,secretloop,private-key-block,critical,cmd/kubeadm/app/util/pkiutil/testing/testdata/18.rsa.key,1,----********************----,cmd/kubeadm/app/util/pkiutil/testing/testdata/18.rsa.key:private-key-block:d23cc4de6ff5e9ff,TP,private key material (test fixture)
kubernetes,b2ec8b6fefac,secretloop,private-key-block,critical,cmd/kubeadm/app/util/pkiutil/testing/testdata/19.rsa.key,1,----********************----,cmd/kubeadm/app/util/pkiutil/testing/testdata/19.rsa.key:private-key-block:b0dd4e781d835259,TP,private key material (test fixture)
kubernetes,b2ec8b6fefac,secretloop,private-key-block,critical,cmd/kubeadm/app/util/pkiutil/testing/testdata/2.rsa.key,1,----********************----,cmd/kubeadm/app/util/pkiutil/testing/testdata/2.rsa.key:private-key-block:7c268ccd8fbefedb,TP,private key material (test fixture)
kubernetes,b2ec8b6fefac,secretloop,private-key-block,critical,cmd/kubeadm/app/util/pkiutil/testing/testdata/20.rsa.key,1,----********************----,cmd/kubeadm/app/util/pkiutil/testing/testdata/20.rsa.key:private-key-block:cccade639254194e,TP,private key material (test fixture)
kubernetes,b2ec8b6fefac,secretloop,private-key-block,critical,cmd/kubeadm/app/util/pkiutil/testing/testdata/21.rsa.key,1,----********************----,cmd/kubeadm/app/util/pkiutil/testing/testdata/21.rsa.key:private-key-block:7f0e7c044ed9f1b1,TP,private key material (test fixture)
kubernetes,b2ec8b6fefac,secretloop,private-key-block,critical,cmd/kubeadm/app/util/pkiutil/testing/testdata/22.rsa.key,1,----********************----,cmd/kubeadm/app/util/pkiutil/testing/testdata/22.rsa.key:private-key-block:edd64ebfec14ecd5,TP,private key material (test fixture)
kubernetes,b2ec8b6fefac,secretloop,private-key-block,critical,cmd/kubeadm/app/util/pkiutil/testing/testdata/23.rsa.key,1,----********************----,cmd/kubeadm/app/util/pkiutil/testing/testdata/23.rsa.key:private-key-block:8dff37ea1a72a0b8,TP,private key material (test fixture)
kubernetes,b2ec8b6fefac,secretloop,private-key-block,critical,cmd/kubeadm/app/util/pkiutil/testing/testdata/24.rsa.key,1,----********************----,cmd/kubeadm/app/util/pkiutil/testing/testdata/24.rsa.key:private-key-block:ea6f99357a54a4e1,TP,private key material (test fixture)
kubernetes,b2ec8b6fefac,secretloop,private-key-block,critical,cmd/kubeadm/app/util/pkiutil/testing/testdata/25.rsa.key,1,----********************----,cmd/kubeadm/app/util/pkiutil/testing/testdata/25.rsa.key:private-key-block:e5c0aaf90017b3c0,TP,private key material (test fixture)
kubernetes,b2ec8b6fefac,secretloop,private-key-block,critical,cmd/kubeadm/app/util/pkiutil/testing/testdata/3.rsa.key,1,----********************----,cmd/kubeadm/app/util/pkiutil/testing/testdata/3.rsa.key:private-key-block:edd364e3231b9d52,TP,private key material (test fixture)
kubernetes,b2ec8b6fefac,secretloop,private-key-block,critical,cmd/kubeadm/app/util/pkiutil/testing/testdata/4.rsa.key,1,----********************----,cmd/kubeadm/app/util/pkiutil/testing/testdata/4.rsa.key:private-key-block:2d35c32f5622fca9,TP,private key material (test fixture)
kubernetes,b2ec8b6fefac,secretloop,private-key-block,critical,cmd/kubeadm/app/util/pkiutil/testing/testdata/5.rsa.key,1,----********************----,cmd/kubeadm/app/util/pkiutil/testing/testdata/5.rsa.key:private-key-block:b0f3ef104bb511f1,TP,private key material (test fixture)
kubernetes,b2ec8b6fefac,secretloop,private-key-block,critical,cmd/kubeadm/app/util/pkiutil/testing/testdata/6.rsa.key,1,----********************----,cmd/kubeadm/app/util/pkiutil/testing/testdata/6.rsa.key:private-key-block:d7f45c899412ab5c,TP,private key material (test fixture)
kubernetes,b2ec8b6fefac,secretloop,private-key-block,critical,cmd/kubeadm/app/util/pkiutil/testing/testdata/7.rsa.key,1,----********************----,cmd/kubeadm/app/util/pkiutil/testing/testdata/7.rsa.key:private-key-block:2fe8ac5f3b4c2d7c,TP,private key material (test fixture)
kubernetes,b2ec8b6fefac,secretloop,private-key-block,critical,cmd/kubeadm/app/util/pkiutil/testing/testdata/8.rsa.key,1,----********************----,cmd/kubeadm/app/util/pkiutil/testing/testdata/8.rsa.key:private-key-block:1ed03cf070260fc0,TP,private key material (test fixture)
kubernetes,b2ec8b6fefac,secretloop,private-key-block,critical,cmd/kubeadm/app/util/pkiutil/testing/testdata/9.rsa.key,1,----********************----,cmd/kubeadm/app/util/pkiutil/testing/testdata/9.rsa.key:private-key-block:93c096482f598239,TP,private key material (test fixture)
kubernetes,b2ec8b6fefac,secretloop,generic-high-entropy,medium,cmd/kubeadm/app/util/version_test.go,88,v1.5********************-gci,cmd/kubeadm/app/util/version_test.go:generic-high-entropy:f2bcdf4751184a48,FP,version string
kubernetes,b2ec8b6fefac,secretloop,generic-high-entropy,medium,cmd/prune-junit-xml/prunexml_test.go,36,Test********************ches,cmd/prune-junit-xml/prunexml_test.go:generic-high-entropy:0ee4ce6b501c41e0,FP,test name / xml fixture text
kubernetes,b2ec8b6fefac,secretloop,generic-high-entropy,medium,cmd/prune-junit-xml/prunexml_test.go,37,Test********************imit,cmd/prune-junit-xml/prunexml_test.go:generic-high-entropy:b2ac64eda1451e88,FP,test name / xml fixture text
kubernetes,b2ec8b6fefac,secretloop,generic-high-entropy,medium,cmd/prune-junit-xml/prunexml_test.go,38,Test********************imit,cmd/prune-junit-xml/prunexml_test.go:generic-high-entropy:b2ac64eda1451e88,FP,test name / xml fixture text
kubernetes,b2ec8b6fefac,secretloop,generic-high-entropy,medium,cmd/prune-junit-xml/prunexml_test.go,55,Test********************ches,cmd/prune-junit-xml/prunexml_test.go:generic-high-entropy:0ee4ce6b501c41e0,FP,test name / xml fixture text
kubernetes,b2ec8b6fefac,secretloop,generic-high-entropy,medium,cmd/prune-junit-xml/prunexml_test.go,56,Test********************imit,cmd/prune-junit-xml/prunexml_test.go:generic-high-entropy:b2ac64eda1451e88,FP,test name / xml fixture text
kubernetes,b2ec8b6fefac,secretloop,generic-high-entropy,medium,cmd/prune-junit-xml/prunexml_test.go,95,Test********************ches,cmd/prune-junit-xml/prunexml_test.go:generic-high-entropy:0ee4ce6b501c41e0,FP,test name / xml fixture text
kubernetes,b2ec8b6fefac,secretloop,generic-high-entropy,medium,cmd/prune-junit-xml/prunexml_test.go,104,Test********************ches,cmd/prune-junit-xml/prunexml_test.go:generic-high-entropy:0ee4ce6b501c41e0,FP,test name / xml fixture text
kubernetes,b2ec8b6fefac,secretloop,generic-high-entropy,medium,cmd/prune-junit-xml/prunexml_test.go,119,Test********************ches,cmd/prune-junit-xml/prunexml_test.go:generic-high-entropy:0ee4ce6b501c41e0,FP,test name / xml fixture text
kubernetes,b2ec8b6fefac,secretloop,private-key-block,critical,hack/testdata/auth/testuser.key,4,----********************----,hack/testdata/auth/testuser.key:private-key-block:db81531dbbd63f81,TP,private key material (test fixture)
kubernetes,b2ec8b6fefac,secretloop,private-key-block,critical,hack/testdata/ca/ca.key,4,----********************----,hack/testdata/ca/ca.key:private-key-block:4b8a1c227bca41b5,TP,private key material (test fixture)
kubernetes,b2ec8b6fefac,secretloop,generic-high-entropy,medium,hack/testdata/csr.yml,6,LS0t********************LS0K,hack/testdata/csr.yml:generic-high-entropy:fcb9233eeecac1ed,FP,long identifier or type name
kubernetes,b2ec8b6fefac,secretloop,private-key-block,critical,hack/testdata/tls.key,1,----********************----,hack/testdata/tls.key:private-key-block:00d0793c3c288848,TP,private key material (test fixture)
kubernetes,b2ec8b6fefac,secretloop,generic-high-entropy,medium,pkg/api/v1/persistentvolume/util_test.go,239,csi/********************tRef,pkg/api/v1/persistentvolume/util_test.go:generic-high-entropy:763a4b028c82d3d8,FP,path or resource identifier
kubernetes,b2ec8b6fefac,secretloop,generic-high-entropy,medium,pkg/api/v1/persistentvolume/util_test.go,240,csi/********************tRef,pkg/api/v1/persistentvolume/util_test.go:generic-high-entropy:e7490347b4ae8a95,FP,path or resource identifier
kubernetes,b2ec8b6fefac,secretloop,generic-high-entropy,medium,pkg/apis/autoscaling/v1/conversion_test.go,46,Test********************oth1,pkg/apis/autoscaling/v1/conversion_test.go:generic-high-entropy:18156e49c801c2f5,FP,long identifier or type name
kubernetes,b2ec8b6fefac,secretloop,generic-high-entropy,medium,pkg/apis/autoscaling/v1/conversion_test.go,85,Test********************oth2,pkg/apis/autoscaling/v1/conversion_test.go:generic-high-entropy:85772a94b4449003,FP,long identifier or type name
kubernetes,b2ec8b6fefac,secretloop,generic-high-entropy,medium,pkg/apis/resource/types.go,316,vali********************ngth,pkg/apis/resource/types.go:generic-high-entropy:8e3f8bc62e6bd398,FP,long identifier or type name
kubernetes,b2ec8b6fefac,secretloop,generic-high-entropy,medium,pkg/apis/scheduling/validation/validation.go,50,+sch********************fix+,pkg/apis/scheduling/validation/validation.go:generic-high-entropy:4a27e7f377983c81,FP,long identifier or type name
kubernetes,b2ec8b6fefac,secretloop,generic-high-entropy,medium,pkg/controller/bootstrap/bootstrapsigner_test.go,94,eyJh********************I958,pkg/controller/bootstrap/bootstrapsigner_test.go:generic-high-entropy:78d19d010cdf5fdb,FP,"detached signature, not a credential"
kubernetes,b2ec8b6fefac,secretloop,generic-high-entropy,medium,pkg/controller/bootstrap/bootstrapsigner_test.go,106,eyJh********************I958,pkg/controller/bootstrap/bootstrapsigner_test.go:generic-high-entropy:78d19d010cdf5fdb,FP,"detached signature, not a credential"
kubernetes,b2ec8b6fefac,secretloop,generic-high-entropy,medium,pkg/controller/bootstrap/bootstrapsigner_test.go,136,eyJh********************I958,pkg/controller/bootstrap/bootstrapsigner_test.go:generic-high-entropy:78d19d010cdf5fdb,FP,"detached signature, not a credential"
kubernetes,b2ec8b6fefac,secretloop,private-key-block,critical,pkg/controller/certificates/signer/testdata/ca.key,1,----********************----,pkg/controller/certificates/signer/testdata/ca.key:private-key-block:f652bf879a43c62b,TP,private key material (test fixture)
kubernetes,b2ec8b6fefac,secretloop,generic-high-entropy,medium,pkg/controller/volume/attachdetach/util/util_test.go,133,proj********************disk,pkg/controller/volume/attachdetach/util/util_test.go:generic-high-entropy:4f8168336a6eebe7,FP,path or resource identifier
kubernetes,b2ec8b6fefac,secretloop,generic-high-entropy,medium,pkg/controller/volume/attachdetach/util/util_test.go,208,proj********************disk,pkg/controller/volume/attachdetach/util/util_test.go:generic-high-entropy:4f8168336a6eebe7,FP,path or resource identifier
kubernetes,b2ec8b6fefac,secretloop,private-key-block,critical,pkg/controlplane/apiserver/samples/generic/server/testing/testdata/127.0.0.1__localhost.key,1,----********************----,pkg/controlplane/apiserver/samples/generic/server/testing/testdata/127.0.0.1__localhost.key:private-key-block:61559ad950fdab20,TP,private key material (test fixture)
kubernetes,b2ec8b6fefac,secretloop,private-key-block,critical,pkg/controlplane/apiserver/samples/generic/server/testing/testserver.go,59,----********************----,pkg/controlplane/apiserver/samples/generic/server/testing/testserver.go:private-key-block:db9b8a2dbba2c12e,TP,private key material (test fixture)
kubernetes,b2ec8b6fefac,secretloop,generic-api-key-assignment,high,pkg/credentialprovider/secrets/secrets_test.go,206,defa********word,pkg/credentialprovider/secrets/secrets_test.go:generic-api-key-assignment:d2e059f6ea15eaa6,FP,literal placeholder
kubernetes,b2ec8b6fefac,secretloop,generic-api-key-assignment,high,pkg/credentialprovider/secrets/secrets_test.go,225,defa********word,pkg/credentialprovider/secrets/secrets_test.go:generic-api-key-assignment:fe64681356bef90c,FP,literal placeholder
kubernetes,b2ec8b6fefac,secretloop,generic-api-key-assignment,high,pkg/credentialprovider/secrets/secrets_test.go,240,defa********word,pkg/credentialprovider/secrets/secrets_test.go:generic-api-key-assignment:833b76d96e96238b,FP,literal placeholder
kubernetes,b2ec8b6fefac,secretloop,generic-api-key-assignment,high,pkg/credentialprovider/secrets/secrets_test.go,259,defa********word,pkg/credentialprovider/secrets/secrets_test.go:generic-api-key-assignment:93904c7f470d8140,FP,literal placeholder
kubernetes,b2ec8b6fefac,secretloop,generic-api-key-assignment,high,pkg/credentialprovider/secrets/secrets_test.go,274,defa********word,pkg/credentialprovider/secrets/secrets_test.go:generic-api-key-assignment:356acbe11ac62ddf,FP,literal placeholder
kubernetes,b2ec8b6fefac,secretloop,generic-api-key-assignment,high,pkg/credentialprovider/secrets/secrets_test.go,284,defa********word,pkg/credentialprovider/secrets/secrets_test.go:generic-api-key-assignment:171a421df27e5f7e,FP,literal placeholder
kubernetes,b2ec8b6fefac,secretloop,generic-api-key-assignment,high,pkg/credentialprovider/secrets/secrets_test.go,299,defa********word,pkg/credentialprovider/secrets/secrets_test.go:generic-api-key-assignment:f841f9dca621ef92,FP,literal placeholder
kubernetes,b2ec8b6fefac,secretloop,generic-api-key-assignment,high,pkg/credentialprovider/secrets/secrets_test.go,329,defa********word,pkg/credentialprovider/secrets/secrets_test.go:generic-api-key-assignment:822f98f086b61e94,FP,literal placeholder
kubernetes,b2ec8b6fefac,secretloop,private-key-block,critical,pkg/kubelet/certificate/bootstrap/testdata/mycertinvalid.key,1,----********************----,pkg/kubelet/certificate/bootstrap/testdata/mycertinvalid.key:private-key-block:13db0f45e7a2694c,TP,private key material (test fixture)
kubernetes,b2ec8b6fefac,secretloop,private-key-block,critical,pkg/kubelet/certificate/bootstrap/testdata/mycertvalid.key,1,----********************----,pkg/kubelet/certificate/bootstrap/testdata/mycertvalid.key:private-key-block:27bf3b0116ea9895,TP,private key material (test fixture)
kubernetes,b2ec8b6fefac,secretloop,private-key-block,critical,pkg/kubelet/certificate/transport_test.go,51,----********************----,pkg/kubelet/certificate/transport_test.go:private-key-block:a7e46b754589c435,TP,private key material (test fixture)
kubernetes,b2ec8b6fefac,secretloop,private-key-block,critical,pkg/kubelet/certificate/transport_test.go,78,----********************----,pkg/kubelet/certificate/transport_test.go:private-key-block:567ebe71d228e905,TP,private key material (test fixture)
kubernetes,b2ec8b6fefac,secretloop,private-key-block,critical,pkg/kubelet/client/testdata/myCA.key,1,----********************----,pkg/kubelet/client/testdata/myCA.key:private-key-block:8776dd5ec832f6ad,TP,private key material (test fixture)
kubernetes,b2ec8b6fefac,secretloop,private-key-block,critical,pkg/kubelet/client/testdata/mycertvalid.key,1,----********************----,pkg/kubelet/client/testdata/mycertvalid.key:private-key-block:13db0f45e7a2694c,TP,private key material (test fixture)
kubernetes,b2ec8b6fefac,secretloop,generic-high-entropy,medium,pkg/kubelet/cm/cgroup_manager_linux_test.go,86,Best********************lice,pkg/kubelet/cm/cgroup_manager_linux_test.go:generic-high-entropy:39a06f9ab3619aff,FP,generated resource name
kubernetes,b2ec8b6fefac,secretloop,generic-high-entropy,medium,pkg/kubelet/cm/helpers.go,36,CPUS********************Trip,pkg/kubelet/cm/helpers.go:generic-high-entropy:85001c0008ac8ee4,FP,long identifier or type name
kubernetes,b2ec8b6fefac,secretloop,generic-high-entropy,medium,pkg/kubelet/kuberuntime/kuberuntime_container_linux_test.go,473,Requ********************cess,pkg/kubelet/kuberuntime/kuberuntime_container_linux_test.go:generic-high-entropy:19d36460e386eb7a,FP,long identifier or type name
kubernetes,b2ec8b6fefac,secretloop,private-key-block,critical,pkg/kubelet/util/env/env_util_test.go,542,----********************----,pkg/kubelet/util/env/env_util_test.go:private-key-block:ded6557686f7de9e,TP,private key material (test fixture)
kubernetes,b2ec8b6fefac,secretloop,private-key-block,critical,pkg/kubelet/util/env/env_util_test.go,554,----********************----,pkg/kubelet/util/env/env_util_test.go:private-key-block:ded6557686f7de9e,TP,private key material (test fixture)
kubernetes,b2ec8b6fefac,secretloop,generic-high-entropy,medium,pkg/proxy/nftables/proxier_test.go,891,serv********************/p80,pkg/proxy/nftables/proxier_test.go:generic-high-entropy:99c23d088bd8c0b5,FP,generated resource name
kubernetes,b2ec8b6fefac,secretloop,generic-high-entropy,medium,pkg/proxy/nftables/proxier_test.go,4726,serv********************/p80,pkg/proxy/nftables/proxier_test.go:generic-high-entropy:c69c3bb8097cf1b3,FP,generated resource name
kubernetes,b2ec8b6fefac,secretloop,generic-high-entropy,medium,pkg/proxy/nftables/proxier_test.go,5222,JO2X********************1/80,pkg/proxy/nftables/proxier_test.go:generic-high-entropy:f1ffdcd1a01e198b,FP,path or resource identifier
kubernetes,b2ec8b6fefac,secretloop,generic-high-entropy,medium,pkg/proxy/nftables/proxier_test.go,5235,5S6H********************2/80,pkg/proxy/nftables/proxier_test.go:generic-high-entropy:a00c2c93da99707f,FP,path or resource identifier
kubernetes,b2ec8b6fefac,secretloop,generic-high-entropy,medium,pkg/proxy/nftables/proxier_test.go,5248,U7E2********************9/80,pkg/proxy/nftables/proxier_test.go:generic-high-entropy:ee1cf00240c37ec7,FP,path or resource identifier
kubernetes,b2ec8b6fefac,secretloop,generic-high-entropy,medium,pkg/serviceaccount/jwt_test.go,70,JHJe********************QDYU,pkg/serviceaccount/jwt_test.go:generic-high-entropy:1d6a8f86f28c2d23,FP,"key identifier, not a credential"
kubernetes,b2ec8b6fefac,secretloop,private-key-block,critical,pkg/serviceaccount/jwt_test.go,73,----********************----,pkg/serviceaccount/jwt_test.go:private-key-block:3a697793bce3392d,TP,private key material (test fixture)
kubernetes,b2ec8b6fefac,secretloop,private-key-block,critical,pkg/serviceaccount/jwt_test.go,104,----********************----,pkg/serviceaccount/jwt_test.go:private-key-block:db9b8a2dbba2c12e,TP,private key material (test fixture)
kubernetes,b2ec8b6fefac,secretloop,generic-high-entropy,medium,pkg/serviceaccount/jwt_test.go,121,SoAB********************HpTc,pkg/serviceaccount/jwt_test.go:generic-high-entropy:c4cf1e6547e09f2f,FP,long identifier or type name
kubernetes,b2ec8b6fefac,secretloop,generic-high-entropy,medium,pkg/serviceaccount/jwt_test.go,574,SoAB********************HpTc,pkg/serviceaccount/jwt_test.go:generic-high-entropy:c4cf1e6547e09f2f,FP,long identifier or type name
kubernetes,b2ec8b6fefac,secretloop,generic-high-entropy,medium,pkg/serviceaccount/jwt_test.go,575,JHJe********************QDYU,pkg/serviceaccount/jwt_test.go:generic-high-entropy:1d6a8f86f28c2d23,FP,public key material
kubernetes,b2ec8b6fefac,secretloop,generic-high-entropy,medium,pkg/serviceaccount/jwt_test.go,582,SoAB********************HpTc,pkg/serviceaccount/jwt_test.go:generic-high-entropy:c4cf1e6547e09f2f,FP,long identifier or type name
kubernetes,b2ec8b6fefac,secretloop,generic-high-entropy,medium,pkg/serviceaccount/keyid_test.go,46,JHJe********************QDYU,pkg/serviceaccount/keyid_test.go:generic-high-entropy:1d6a8f86f28c2d23,FP,"key identifier, not a credential"
kubernetes,b2ec8b6fefac,secretloop,generic-high-entropy,medium,pkg/serviceaccount/openidmetadata_test.go,440,JHJe********************QDYU,pkg/serviceaccount/openidmetadata_test.go:generic-high-entropy:1d6a8f86f28c2d23,FP,"key identifier, not a credential"
kubernetes,b2ec8b6fefac,secretloop,generic-high-entropy,medium,pkg/serviceaccount/openidmetadata_test.go,440,249X********************RMWw,pkg/serviceaccount/openidmetadata_test.go:generic-high-entropy:b3c19c855d488bd7,FP,"key identifier, not a credential"
kubernetes,b2ec8b6fefac,secretloop,generic-high-entropy,medium,pkg/serviceaccount/openidmetadata_test.go,440,SoAB********************HpTc,pkg/serviceaccount/openidmetadata_test.go:generic-high-entropy:c4cf1e6547e09f2f,FP,"key identifier, not a credential"
kubernetes,b2ec8b6fefac,secretloop,generic-high-entropy,medium,pkg/serviceaccount/openidmetadata_test.go,440,H6cu********************SqiI,pkg/serviceaccount/openidmetadata_test.go:generic-high-entropy:3400fcce1bc1a67e,FP,"key identifier, not a credential"
kubernetes,b2ec8b6fefac,secretloop,generic-high-entropy,medium,pkg/serviceaccount/openidmetadata_test.go,440,BlHn********************Ai1Y,pkg/serviceaccount/openidmetadata_test.go:generic-high-entropy:2845f9718534a855,FP,"key identifier, not a credential"
kubernetes,b2ec8b6fefac,secretloop,generic-high-entropy,medium,pkg/serviceaccount/openidmetadata_test.go,450,JHJe********************QDYU,pkg/serviceaccount/openidmetadata_test.go:generic-high-entropy:1d6a8f86f28c2d23,FP,"key identifier, not a credential"
kubernetes,b2ec8b6fefac,secretloop,generic-high-entropy,medium,pkg/serviceaccount/openidmetadata_test.go,450,249X********************RMWw,pkg/serviceaccount/openidmetadata_test.go:generic-high-entropy:b3c19c855d488bd7,FP,"key identifier, not a credential"
kubernetes,b2ec8b6fefac,secretloop,generic-high-entropy,medium,pkg/serviceaccount/openidmetadata_test.go,450,SoAB********************HpTc,pkg/serviceaccount/openidmetadata_test.go:generic-high-entropy:c4cf1e6547e09f2f,FP,"key identifier, not a credential"
kubernetes,b2ec8b6fefac,secretloop,generic-high-entropy,medium,pkg/serviceaccount/openidmetadata_test.go,450,H6cu********************SqiI,pkg/serviceaccount/openidmetadata_test.go:generic-high-entropy:3400fcce1bc1a67e,FP,"key identifier, not a credential"
kubernetes,b2ec8b6fefac,secretloop,generic-high-entropy,medium,pkg/serviceaccount/openidmetadata_test.go,450,BlHn********************Ai1Y,pkg/serviceaccount/openidmetadata_test.go:generic-high-entropy:2845f9718534a855,FP,"key identifier, not a credential"
kubernetes,b2ec8b6fefac,secretloop,generic-high-entropy,medium,pkg/serviceaccount/openidmetadata_test.go,458,JHJe********************QDYU,pkg/serviceaccount/openidmetadata_test.go:generic-high-entropy:1d6a8f86f28c2d23,FP,"key identifier, not a credential"
kubernetes,b2ec8b6fefac,secretloop,generic-high-entropy,medium,pkg/serviceaccount/openidmetadata_test.go,458,249X********************RMWw,pkg/serviceaccount/openidmetadata_test.go:generic-high-entropy:b3c19c855d488bd7,FP,"key identifier, not a credential"
kubernetes,b2ec8b6fefac,secretloop,generic-high-entropy,medium,pkg/serviceaccount/openidmetadata_test.go,458,SoAB********************HpTc,pkg/serviceaccount/openidmetadata_test.go:generic-high-entropy:c4cf1e6547e09f2f,FP,"key identifier, not a credential"
kubernetes,b2ec8b6fefac,secretloop,generic-high-entropy,medium,pkg/serviceaccount/openidmetadata_test.go,458,H6cu********************SqiI,pkg/serviceaccount/openidmetadata_test.go:generic-high-entropy:3400fcce1bc1a67e,FP,"key identifier, not a credential"
kubernetes,b2ec8b6fefac,secretloop,generic-high-entropy,medium,pkg/serviceaccount/openidmetadata_test.go,458,BlHn********************Ai1Y,pkg/serviceaccount/openidmetadata_test.go:generic-high-entropy:2845f9718534a855,FP,"key identifier, not a credential"
kubernetes,b2ec8b6fefac,secretloop,generic-high-entropy,medium,pkg/serviceaccount/openidmetadata_test.go,466,JHJe********************QDYU,pkg/serviceaccount/openidmetadata_test.go:generic-high-entropy:1d6a8f86f28c2d23,FP,"key identifier, not a credential"
kubernetes,b2ec8b6fefac,secretloop,generic-high-entropy,medium,pkg/serviceaccount/openidmetadata_test.go,466,249X********************RMWw,pkg/serviceaccount/openidmetadata_test.go:generic-high-entropy:b3c19c855d488bd7,FP,"key identifier, not a credential"
kubernetes,b2ec8b6fefac,secretloop,generic-high-entropy,medium,pkg/serviceaccount/openidmetadata_test.go,466,SoAB********************HpTc,pkg/serviceaccount/openidmetadata_test.go:generic-high-entropy:c4cf1e6547e09f2f,FP,"key identifier, not a credential"
kubernetes,b2ec8b6fefac,secretloop,generic-high-entropy,medium,pkg/serviceaccount/openidmetadata_test.go,466,H6cu********************SqiI,pkg/serviceaccount/openidmetadata_test.go:generic-high-entropy:3400fcce1bc1a67e,FP,"key identifier, not a credential"
kubernetes,b2ec8b6fefac,secretloop,generic-high-entropy,medium,pkg/serviceaccount/openidmetadata_test.go,466,BlHn********************Ai1Y,pkg/serviceaccount/openidmetadata_test.go:generic-high-entropy:2845f9718534a855,FP,"key identifier, not a credential"
kubernetes,b2ec8b6fefac,secretloop,generic-high-entropy,medium,pkg/util/iptables/testing/parse_test.go,68,KUBE*****************ZT7O,pkg/util/iptables/testing/parse_test.go:generic-high-entropy:fbda4f7310c7bc96,FP,generated resource name
kubernetes,b2ec8b6fefac,secretloop,generic-high-entropy,medium,pkg/util/iptables/testing/parse_test.go,104,KUBE*****************ZT7O,pkg/util/iptables/testing/parse_test.go:generic-high-entropy:fbda4f7310c7bc96,FP,generated resource name
kubernetes,b2ec8b6fefac,secretloop,generic-high-entropy,medium,pkg/util/iptables/testing/parse_test.go,123,KUBE*****************ZT7O,pkg/util/iptables/testing/parse_test.go:generic-high-entropy:fbda4f7310c7bc96,FP,generated resource name
kubernetes,b2ec8b6fefac,secretloop,generic-high-entropy,medium,pkg/util/iptables/testing/parse_test.go,137,KUBE*****************ZT7O,pkg/util/iptables/testing/parse_test.go:generic-high-entropy:fbda4f7310c7bc96,FP,generated resource name
kubernetes,b2ec8b6fefac,secretloop,generic-high-entropy,medium,pkg/util/iptables/testing/parse_test.go,319,KUBE*****************ZT7O,pkg/util/iptables/testing/parse_test.go:generic-high-entropy:fbda4f7310c7bc96,FP,generated resource name
kubernetes,b2ec8b6fefac,secretloop,generic-high-entropy,medium,pkg/util/iptables/testing/parse_test.go,355,KUBE*****************ZT7O,pkg/util/iptables/testing/parse_test.go:generic-high-entropy:fbda4f7310c7bc96,FP,generated resource name
kubernetes,b2ec8b6fefac,secretloop,generic-high-entropy,medium,pkg/volume/fc/fc.go,243,plug********************un-0,pkg/volume/fc/fc.go:generic-high-entropy:9be15eb68c75166c,FP,documentation example
kubernetes,b2ec8b6fefac,secretloop,generic-high-entropy,medium,pkg/volume/util/hostutil/hostutil_linux_test.go,60,/var********************693/,pkg/volume/util/hostutil/hostutil_linux_test.go:generic-high-entropy:c01f7085d1c4e1b2,FP,path or resource identifier
kubernetes,b2ec8b6fefac,secretloop,private-key-block,critical,plugin/pkg/admission/imagepolicy/certs_test.go,64,----********************----,plugin/pkg/admission/imagepolicy/certs_test.go:private-key-block:5a9df59fe4e239f4,TP,private key material (test fixture)
kubernetes,b2ec8b6fefac,secretloop,private-key-block,critical,plugin/pkg/admission/imagepolicy/certs_test.go,112,----********************----,plugin/pkg/admission/imagepolicy/certs_test.go:private-key-block:7c4517ae0c38719a,TP,private key material (test fixture)
kubernetes,b2ec8b6fefac,secretloop,generic-high-entropy,medium,staging/src/k8s.io/api/flowcontrol/v1/types.go,57,X-Ku********************-UID,staging/src/k8s.io/api/flowcontrol/v1/types.go:generic-high-entropy:f81daed91931bad2,FP,long identifier or type name
kubernetes,b2ec8b6fefac,secretloop,generic-high-entropy,medium,staging/src/k8s.io/api/flowcontrol/v1beta1/types.go,57,X-Ku********************-UID,staging/src/k8s.io/api/flowcontrol/v1beta1/types.go:generic-high-entropy:f81daed91931bad2,FP,long identifier or type name
kubernetes,b2ec8b6fefac,secretloop,generic-high-entropy,medium,staging/src/k8s.io/api/flowcontrol/v1beta2/types.go,57,X-Ku********************-UID,staging/src/k8s.io/api/flowcontrol/v1beta2/types.go:generic-high-entropy:f81daed91931bad2,FP,long identifier or type name
kubernetes,b2ec8b6fefac,secretloop,generic-high-entropy,medium,staging/src/k8s.io/api/flowcontrol/v1beta3/types.go,57,X-Ku********************-UID,staging/src/k8s.io/api/flowcontrol/v1beta3/types.go:generic-high-entropy:f81daed91931bad2,FP,long identifier or type name
kubernetes,b2ec8b6fefac,secretloop,generic-high-entropy,medium,staging/src/k8s.io/api/resource/v1/types.go,350,vali********************ngth,staging/src/k8s.io/api/resource/v1/types.go:generic-high-entropy:8e3f8bc62e6bd398,FP,long identifier or type name
kubernetes,b2ec8b6fefac,secretloop,generic-high-entropy,medium,staging/src/k8s.io/api/resource/v1beta1/types.go,343,vali********************ngth,staging/src/k8s.io/api/resource/v1beta1/types.go:generic-high-entropy:8e3f8bc62e6bd398,FP,long identifier or type name
kubernetes,b2ec8b6fefac,secretloop,generic-high-entropy,medium,staging/src/k8s.io/api/resource/v1beta2/types.go,335,vali********************ngth,staging/src/k8s.io/api/resource/v1beta2/types.go:generic-high-entropy:8e3f8bc62e6bd398,FP,long identifier or type name
kubernetes,b2ec8b6fefac,secretloop,generic-high-entropy,medium,staging/src/k8s.io/api/scheduling/v1alpha3/zz_generated.model_name.go,176,io.k********************licy,staging/src/k8s.io/api/scheduling/v1alpha3/zz_generated.model_name.go:generic-high-entropy:16a2e0199b75f458,FP,long identifier or type name
kubernetes,b2ec8b6fefac,secretloop,private-key-block,critical,staging/src/k8s.io/apiextensions-apiserver/pkg/cmd/server/testing/testdata/localhost_127.0.0.1_localhost.key,1,----********************----,staging/src/k8s.io/apiextensions-apiserver/pkg/cmd/server/testing/testdata/localhost_127.0.0.1_localhost.key:private-key-block:b05eae91ef64456f,TP,private key material (test fixture)
kubernetes,b2ec8b6fefac,secretloop,private-key-block,critical,staging/src/k8s.io/apiextensions-apiserver/test/integration/apiserver.local.config/certificates/apiserver.key,1,----********************----,staging/src/k8s.io/apiextensions-apiserver/test/integration/apiserver.local.config/certificates/apiserver.key:private-key-block:c1a7000efe536a0c,TP,private key material (test fixture)
kubernetes,b2ec8b6fefac,secretloop,private-key-block,critical,staging/src/k8s.io/apiextensions-apiserver/test/integration/conversion/webhook.go,236,----********************----,staging/src/k8s.io/apiextensions-apiserver/test/integration/conversion/webhook.go:private-key-block:ca9168cded760abb,TP,private key material (test fixture)
kubernetes,b2ec8b6fefac,secretloop,generic-high-entropy,medium,staging/src/k8s.io/apimachinery/pkg/labels/selector_test.go,984,axah********************7Nui,staging/src/k8s.io/apimachinery/pkg/labels/selector_test.go:generic-high-entropy:1d2632a8eccd7fc7,FP,long identifier or type name
kubernetes,b2ec8b6fefac,secretloop,generic-high-entropy,medium,staging/src/k8s.io/apimachinery/pkg/labels/selector_test.go,989,axah********************7Nui,staging/src/k8s.io/apimachinery/pkg/labels/selector_test.go:generic-high-entropy:1d2632a8eccd7fc7,FP,long identifier or type name
kubernetes,b2ec8b6fefac,secretloop,generic-high-entropy,medium,staging/src/k8s.io/apimachinery/pkg/runtime/serializer/protobuf/collections_test.go,149,azhz********************AA==,staging/src/k8s.io/apimachinery/pkg/runtime/serializer/protobuf/collections_test.go:generic-high-entropy:db6a6af389294477,FP,"encoded data, not a credential"
kubernetes,b2ec8b6fefac,secretloop,generic-high-entropy,medium,staging/src/k8s.io/apimachinery/pkg/runtime/serializer/protobuf/collections_test.go,170,azhz********************AA==,staging/src/k8s.io/apimachinery/pkg/runtime/serializer/protobuf/collections_test.go:generic-high-entropy:afd1e2c10d2b09b2,FP,"encoded data, not a credential"
kubernetes,b2ec8b6fefac,secretloop,generic-high-entropy,medium,staging/src/k8s.io/apimachinery/pkg/runtime/serializer/protobuf/collections_test.go,193,azhz********************ACIA,staging/src/k8s.io/apimachinery/pkg/runtime/serializer/protobuf/collections_test.go:generic-high-entropy:23eddcaf5268f947,FP,long identifier or type name
kubernetes,b2ec8b6fefac,secretloop,private-key-block,critical,staging/src/k8s.io/apimachinery/pkg/util/proxy/dial_test.go,203,----********************----,staging/src/k8s.io/apimachinery/pkg/util/proxy/dial_test.go:private-key-block:f304db1c19d0844d,TP,private key material (test fixture)
kubernetes,b2ec8b6fefac,secretloop,private-key-block,critical,staging/src/k8s.io/apimachinery/pkg/util/proxy/upgradeaware_test.go,1235,----********************----,staging/src/k8s.io/apimachinery/pkg/util/proxy/upgradeaware_test.go:private-key-block:b975195ae5e6e325,TP,private key material (test fixture)
kubernetes,b2ec8b6fefac,secretloop,generic-high-entropy,medium,staging/src/k8s.io/apiserver/pkg/admission/attributes_test.go,43,INVA********************licy,staging/src/k8s.io/apiserver/pkg/admission/attributes_test.go:generic-high-entropy:16c3a293ecf64ad4,FP,long identifier or type name
kubernetes,b2ec8b6fefac,secretloop,private-key-block,critical,staging/src/k8s.io/apiserver/pkg/admission/plugin/webhook/testcerts/certs.go,22,----********************----,staging/src/k8s.io/apiserver/pkg/admission/plugin/webhook/testcerts/certs.go:private-key-block:806eb9c21ec15f7a,TP,private key material (test fixture)
kubernetes,b2ec8b6fefac,secretloop,private-key-block,critical,staging/src/k8s.io/apiserver/pkg/admission/plugin/webhook/testcerts/certs.go,71,----********************----,staging/src/k8s.io/apiserver/pkg/admission/plugin/webhook/testcerts/certs.go:private-key-block:e5f9c2898c2483cb,TP,private key material (test fixture)
kubernetes,b2ec8b6fefac,secretloop,private-key-block,critical,staging/src/k8s.io/apiserver/pkg/admission/plugin/webhook/testcerts/certs.go,120,----********************----,staging/src/k8s.io/apiserver/pkg/admission/plugin/webhook/testcerts/certs.go:private-key-block:a13312e17f2862cf,TP,private key material (test fixture)
kubernetes,b2ec8b6fefac,secretloop,private-key-block,critical,staging/src/k8s.io/apiserver/pkg/admission/plugin/webhook/testcerts/certs.go,169,----********************----,staging/src/k8s.io/apiserver/pkg/admission/plugin/webhook/testcerts/certs.go:private-key-block:75eca23e326ca3cc,TP,private key material (test fixture)
kubernetes,b2ec8b6fefac,secretloop,generic-high-entropy,medium,staging/src/k8s.io/apiserver/pkg/apis/apiserver/types_encryption.go,61,c2Vj********************Cg==,staging/src/k8s.io/apiserver/pkg/apis/apiserver/types_encryption.go:generic-high-entropy:f3914a23b0c81292,FP,literal placeholder
kubernetes,b2ec8b6fefac,secretloop,generic-high-entropy,medium,staging/src/k8s.io/apiserver/pkg/apis/apiserver/types_encryption.go,68,c2Vj********************aw==,staging/src/k8s.io/apiserver/pkg/apis/apiserver/types_encryption.go:generic-high-entropy:56b1c674e1f9347c,FP,literal placeholder
kubernetes,b2ec8b6fefac,secretloop,generic-high-entropy,medium,staging/src/k8s.io/apiserver/pkg/apis/apiserver/v1/types_encryption.go,61,c2Vj********************Cg==,staging/src/k8s.io/apiserver/pkg/apis/apiserver/v1/types_encryption.go:generic-high-entropy:f3914a23b0c81292,FP,literal placeholder
kubernetes,b2ec8b6fefac,secretloop,generic-high-entropy,medium,staging/src/k8s.io/apiserver/pkg/apis/apiserver/v1/types_encryption.go,68,c2Vj********************aw==,staging/src/k8s.io/apiserver/pkg/apis/apiserver/v1/types_encryption.go:generic-high-entropy:56b1c674e1f9347c,FP,literal placeholder
kubernetes,b2ec8b6fefac,secretloop,generic-high-entropy,medium,staging/src/k8s.io/apiserver/pkg/apis/apiserver/validation/validation_encryption_test.go,61,A/j5********************j4Q=,staging/src/k8s.io/apiserver/pkg/apis/apiserver/validation/validation_encryption_test.go:generic-high-entropy:82a8a17ed2535bef,TP,symmetric key material (test fixture)
kubernetes,b2ec8b6fefac,secretloop,generic-high-entropy,medium,staging/src/k8s.io/apiserver/pkg/apis/apiserver/validation/validation_encryption_test.go,89,A/j5********************j4Q=,staging/src/k8s.io/apiserver/pkg/apis/apiserver/validation/validation_encryption_test.go:generic-high-entropy:82a8a17ed2535bef,TP,symmetric key material (test fixture)
kubernetes,b2ec8b6fefac,secretloop,generic-high-entropy,medium,staging/src/k8s.io/apiserver/pkg/apis/apiserver/validation/validation_encryption_test.go,95,A/j5********************j4Q=,staging/src/k8s.io/apiserver/pkg/apis/apiserver/validation/validation_encryption_test.go:generic-high-entropy:82a8a17ed2535bef,TP,symmetric key material (test fixture)
kubernetes,b2ec8b6fefac,secretloop,generic-high-entropy,medium,staging/src/k8s.io/apiserver/pkg/apis/apiserver/validation/validation_encryption_test.go,108,A/j5********************j4Q=,staging/src/k8s.io/apiserver/pkg/apis/apiserver/validation/validation_encryption_test.go:generic-high-entropy:82a8a17ed2535bef,TP,symmetric key material (test fixture)
kubernetes,b2ec8b6fefac,secretloop,generic-high-entropy,medium,staging/src/k8s.io/apiserver/pkg/apis/apiserver/validation/validation_encryption_test.go,114,A/j5********************j4Q=,staging/src/k8s.io/apiserver/pkg/apis/apiserver/validation/validation_encryption_test.go:generic-high-entropy:82a8a17ed2535bef,TP,symmetric key material (test fixture)
kubernetes,b2ec8b6fefac,secretloop,generic-high-entropy,medium,staging/src/k8s.io/apiserver/pkg/apis/apiserver/validation/validation_encryption_test.go,129,A/j5********************j4Q=,staging/src/k8s.io/apiserver/pkg/apis/apiserver/validation/validation_encryption_test.go:generic-high-entropy:82a8a17ed2535bef,TP,symmetric key material (test fixture)
kubernetes,b2ec8b6fefac,secretloop,jwt,high,staging/src/k8s.io/apiserver/pkg/authentication/token/cache/cached_token_authenticator_test.go,149,eyJh********************ZDeA,staging/src/k8s.io/apiserver/pkg/authentication/token/cache/cached_token_authenticator_test.go:jwt:b76e47b9f3174914,TP,bearer token (test fixture)
kubernetes,b2ec8b6fefac,secretloop,private-key-block,critical,staging/src/k8s.io/apiserver/pkg/server/dynamiccertificates/tlsconfig_test.go,26,----********************----,staging/src/k8s.io/apiserver/pkg/server/dynamiccertificates/tlsconfig_test.go:private-key-block:a13312e17f2862cf,TP,private key material (test fixture)
kubernetes,b2ec8b6fefac,secretloop,private-key-block,critical,staging/src/k8s.io/apiserver/pkg/server/filters/timeout_test.go,567,----********************----,staging/src/k8s.io/apiserver/pkg/server/filters/timeout_test.go:private-key-block:8c4f59c3aad8a7ab,TP,private key material (test fixture)
kubernetes,b2ec8b6fefac,secretloop,private-key-block,critical,staging/src/k8s.io/apiserver/pkg/server/graceful_shutdown_test.go,65,----********************----,staging/src/k8s.io/apiserver/pkg/server/graceful_shutdown_test.go:private-key-block:6320927ca0dbf780,TP,private key material (test fixture)
kubernetes,b2ec8b6fefac,secretloop,generic-high-entropy,medium,staging/src/k8s.io/apiserver/pkg/server/options/encryptionconfig/config_test.go,177,YWJj********************NTY=,staging/src/k8s.io/apiserver/pkg/server/options/encryptionconfig/config_test.go:generic-high-entropy:dc9b5db8c9b009b3,FP,literal placeholder
kubernetes,b2ec8b6fefac,secretloop,generic-high-entropy,medium,staging/src/k8s.io/apiserver/pkg/server/options/encryptionconfig/testdata/invalid-configs/invalid-typo.yaml,16,YWJj********************NTY=,staging/src/k8s.io/apiserver/pkg/server/options/encryptionconfig/testdata/invalid-configs/invalid-typo.yaml:generic-high-entropy:dc9b5db8c9b009b3,FP,literal placeholder
kubernetes,b2ec8b6fefac,secretloop,generic-high-entropy,medium,staging/src/k8s.io/apiserver/pkg/server/options/encryptionconfig/testdata/valid-configs/aes-cbc-first.yaml,26,YWJj********************NTY=,staging/src/k8s.io/apiserver/pkg/server/options/encryptionconfig/testdata/valid-configs/aes-cbc-first.yaml:generic-high-entropy:dc9b5db8c9b009b3,FP,literal placeholder
kubernetes,b2ec8b6fefac,secretloop,generic-high-entropy,medium,staging/src/k8s.io/apiserver/pkg/server/options/encryptionconfig/testdata/valid-configs/aes-gcm-first.yaml,16,YWJj********************NTY=,staging/src/k8s.io/apiserver/pkg/server/options/encryptionconfig/testdata/valid-configs/aes-gcm-first.yaml:generic-high-entropy:dc9b5db8c9b009b3,FP,literal placeholder
kubernetes,b2ec8b6fefac,secretloop,generic-high-entropy,medium,staging/src/k8s.io/apiserver/pkg/server/options/encryptionconfig/testdata/valid-configs/aes/aes-cbc-multiple-keys-reversed.json,15,+qcn********************SCA=,staging/src/k8s.io/apiserver/pkg/server/options/encryptionconfig/testdata/valid-configs/aes/aes-cbc-multiple-keys-reversed.json:generic-high-entropy:4101671214927c2b,TP,symmetric key material (test fixture)
kubernetes,b2ec8b6fefac,secretloop,generic-high-entropy,medium,staging/src/k8s.io/apiserver/pkg/server/options/encryptionconfig/testdata/valid-configs/aes/aes-cbc-multiple-keys-reversed.json,19,Owq7********************PQ4=,staging/src/k8s.io/apiserver/pkg/server/options/encryptionconfig/testdata/valid-configs/aes/aes-cbc-multiple-keys-reversed.json:generic-high-entropy:50b9091ff6363808,TP,symmetric key material (test fixture)
kubernetes,b2ec8b6fefac,secretloop,generic-high-entropy,medium,staging/src/k8s.io/apiserver/pkg/server/options/encryptionconfig/testdata/valid-configs/aes/aes-cbc-multiple-keys.json,15,Owq7********************PQ4=,staging/src/k8s.io/apiserver/pkg/server/options/encryptionconfig/testdata/valid-configs/aes/aes-cbc-multiple-keys.json:generic-high-entropy:50b9091ff6363808,TP,symmetric key material (test fixture)
kubernetes,b2ec8b6fefac,secretloop,generic-high-entropy,medium,staging/src/k8s.io/apiserver/pkg/server/options/encryptionconfig/testdata/valid-configs/aes/aes-cbc-multiple-keys.json,19,+qcn********************SCA=,staging/src/k8s.io/apiserver/pkg/server/options/encryptionconfig/testdata/valid-configs/aes/aes-cbc-multiple-keys.json:generic-high-entropy:4101671214927c2b,TP,symmetric key material (test fixture)
kubernetes,b2ec8b6fefac,secretloop,generic-high-entropy,medium,staging/src/k8s.io/apiserver/pkg/server/options/encryptionconfig/testdata/valid-configs/aes/aes-cbc-multiple-providers-reversed.json,15,+qcn********************SCA=,staging/src/k8s.io/apiserver/pkg/server/options/encryptionconfig/testdata/valid-configs/aes/aes-cbc-multiple-providers-reversed.json:generic-high-entropy:4101671214927c2b,TP,symmetric key material (test fixture)
kubernetes,b2ec8b6fefac,secretloop,generic-high-entropy,medium,staging/src/k8s.io/apiserver/pkg/server/options/encryptionconfig/testdata/valid-configs/aes/aes-cbc-multiple-providers-reversed.json,25,Owq7********************PQ4=,staging/src/k8s.io/apiserver/pkg/server/options/encryptionconfig/testdata/valid-configs/aes/aes-cbc-multiple-providers-reversed.json:generic-high-entropy:50b9091ff6363808,TP,symmetric key material (test fixture)
kubernetes,b2ec8b6fefac,secretloop,generic-high-entropy,medium,staging/src/k8s.io/apiserver/pkg/server/options/encryptionconfig/testdata/valid-configs/aes/aes-cbc-multiple-providers.json,15,Owq7********************PQ4=,staging/src/k8s.io/apiserver/pkg/server/options/encryptionconfig/testdata/valid-configs/aes/aes-cbc-multiple-providers.json:generic-high-entropy:50b9091ff6363808,TP,symmetric key material (test fixture)
kubernetes,b2ec8b6fefac,secretloop,generic-high-entropy,medium,staging/src/k8s.io/apiserver/pkg/server/options/encryptionconfig/testdata/valid-configs/aes/aes-cbc-multiple-providers.json,25,+qcn********************SCA=,staging/src/k8s.io/apiserver/pkg/server/options/encryptionconfig/testdata/valid-configs/aes/aes-cbc-multiple-providers.json:generic-high-entropy:4101671214927c2b,TP,symmetric key material (test fixture)
kubernetes,b2ec8b6fefac,secretloop,generic-high-entropy,medium,staging/src/k8s.io/apiserver/pkg/server/options/encryptionconfig/testdata/valid-configs/identity-first.yaml,33,YWJj********************NTY=,staging/src/k8s.io/apiserver/pkg/server/options/encryptionconfig/testdata/valid-configs/identity-first.yaml:generic-high-entropy:dc9b5db8c9b009b3,FP,literal placeholder
kubernetes,b2ec8b6fefac,secretloop,generic-high-entropy,medium,staging/src/k8s.io/apiserver/pkg/server/options/encryptionconfig/testdata/valid-configs/kms-first.yaml,19,YWJj********************NTY=,staging/src/k8s.io/apiserver/pkg/server/options/encryptionconfig/testdata/valid-configs/kms-first.yaml:generic-high-entropy:dc9b5db8c9b009b3,FP,literal placeholder
kubernetes,b2ec8b6fefac,secretloop,generic-high-entropy,medium,staging/src/k8s.io/apiserver/pkg/server/options/encryptionconfig/testdata/valid-configs/kmsv2-first.yaml,19,YWJj********************NTY=,staging/src/k8s.io/apiserver/pkg/server/options/encryptionconfig/testdata/valid-configs/kmsv2-first.yaml:generic-high-entropy:dc9b5db8c9b009b3,FP,literal placeholder
kubernetes,b2ec8b6fefac,secretloop,generic-high-entropy,medium,staging/src/k8s.io/apiserver/pkg/server/options/encryptionconfig/testdata/valid-configs/legacy.yaml,28,YWJj********************NTY=,staging/src/k8s.io/apiserver/pkg/server/options/encryptionconfig/testdata/valid-configs/legacy.yaml:generic-high-entropy:dc9b5db8c9b009b3,FP,literal placeholder
kubernetes,b2ec8b6fefac,secretloop,generic-high-entropy,medium,staging/src/k8s.io/apiserver/pkg/server/options/encryptionconfig/testdata/valid-configs/secret-box-first.yaml,10,YWJj********************NTY=,staging/src/k8s.io/apiserver/pkg/server/options/encryptionconfig/testdata/valid-configs/secret-box-first.yaml:generic-high-entropy:dc9b5db8c9b009b3,FP,literal placeholder
kubernetes,b2ec8b6fefac,secretloop,private-key-block,critical,staging/src/k8s.io/apiserver/pkg/server/options/testdata/apiserver-loopback-client__/key,1,----********************----,staging/src/k8s.io/apiserver/pkg/server/options/testdata/apiserver-loopback-client__/key:private-key-block:44f6dec7e1ebbf14,TP,private key material (test fixture)
kubernetes,b2ec8b6fefac,secretloop,private-key-block,critical,staging/src/k8s.io/apiserver/pkg/server/options/testdata/apiserver-loopback-client__/localhost__/key,1,----********************----,staging/src/k8s.io/apiserver/pkg/server/options/testdata/apiserver-loopback-client__/localhost__/key:private-key-block:d0fe137e49aa3d47,TP,private key material (test fixture)
kubernetes,b2ec8b6fefac,secretloop,private-key-block,critical,staging/src/k8s.io/apiserver/pkg/server/options/testdata/localhost__/apiserver-loopback-client__/key,1,----********************----,staging/src/k8s.io/apiserver/pkg/server/options/testdata/localhost__/apiserver-loopback-client__/key:private-key-block:63ac67aab7e7128b,TP,private key material (test fixture)
kubernetes,b2ec8b6fefac,secretloop,private-key-block,critical,staging/src/k8s.io/apiserver/pkg/server/options/testdata/localhost__/key,1,----********************----,staging/src/k8s.io/apiserver/pkg/server/options/testdata/localhost__/key:private-key-block:6b7da3beaf15b68f,TP,private key material (test fixture)
kubernetes,b2ec8b6fefac,secretloop,private-key-block,critical,"staging/src/k8s.io/apiserver/pkg/server/options/testdata/localhost__10.0.0.1,127.0.0.1/key",1,----********************----,"staging/src/k8s.io/apiserver/pkg/server/options/testdata/localhost__10.0.0.1,127.0.0.1/key:private-key-block:74cd635184710c0e",TP,private key material (test fixture)
kubernetes,b2ec8b6fefac,secretloop,private-key-block,critical,"staging/src/k8s.io/apiserver/pkg/server/options/testdata/localhost__10.0.0.1,127.0.0.1/test.com__10.0.0.1/key",1,----********************----,"staging/src/k8s.io/apiserver/pkg/server/options/testdata/localhost__10.0.0.1,127.0.0.1/test.com__10.0.0.1/key:private-key-block:439b55f84cb2476f",TP,private key material (test fixture)
kubernetes,b2ec8b6fefac,secretloop,private-key-block,critical,staging/src/k8s.io/apiserver/pkg/server/options/testdata/localhost__127.0.0.1/key,1,----********************----,staging/src/k8s.io/apiserver/pkg/server/options/testdata/localhost__127.0.0.1/key:private-key-block:3bc93a28bb6ff91c,TP,private key material (test fixture)
kubernetes,b2ec8b6fefac,secretloop,private-key-block,critical,staging/src/k8s.io/apiserver/pkg/server/options/testdata/localhost__127.0.0.1/localhost__/key,1,----********************----,staging/src/k8s.io/apiserver/pkg/server/options/testdata/localhost__127.0.0.1/localhost__/key:private-key-block:3f5cc56539dbac48,TP,private key material (test fixture)
kubernetes,b2ec8b6fefac,secretloop,private-key-block,critical,staging/src/k8s.io/apiserver/pkg/server/options/testdata/localhost__127.0.0.1/test.com__/key,1,----********************----,staging/src/k8s.io/apiserver/pkg/server/options/testdata/localhost__127.0.0.1/test.com__/key:private-key-block:7a39957c95b03845,TP,private key material (test fixture)
kubernetes,b2ec8b6fefac,secretloop,private-key-block,critical,staging/src/k8s.io/apiserver/pkg/server/options/testdata/localhost__127.0.0.1/test.com_star.test.com_/key,1,----********************----,staging/src/k8s.io/apiserver/pkg/server/options/testdata/localhost__127.0.0.1/test.com_star.test.com_/key:private-key-block:cf238733c13eeb82,TP,private key material (test fixture)
kubernetes,b2ec8b6fefac,secretloop,private-key-block,critical,staging/src/k8s.io/apiserver/pkg/server/options/testdata/localhost_test.com_127.0.0.1/key,1,----********************----,staging/src/k8s.io/apiserver/pkg/server/options/testdata/localhost_test.com_127.0.0.1/key:private-key-block:2a482fc81bef54bd,TP,private key material (test fixture)
kubernetes,b2ec8b6fefac,secretloop,private-key-block,critical,staging/src/k8s.io/apiserver/pkg/server/options/testdata/test.com__/key,1,----********************----,staging/src/k8s.io/apiserver/pkg/server/options/testdata/test.com__/key:private-key-block:3c71caee1cf9643c,TP,private key material (test fixture)
kubernetes,b2ec8b6fefac,secretloop,private-key-block,critical,staging/src/k8s.io/apiserver/pkg/server/options/testdata/test.com__/localhost__/key,1,----********************----,staging/src/k8s.io/apiserver/pkg/server/options/testdata/test.com__/localhost__/key:private-key-block:302c7cd3d06054d8,TP,private key material (test fixture)
kubernetes,b2ec8b6fefac,secretloop,private-key-block,critical,staging/src/k8s.io/apiserver/pkg/storage/etcd3/testing/testingcert/certificates.go,91,----********************----,staging/src/k8s.io/apiserver/pkg/storage/etcd3/testing/testingcert/certificates.go:private-key-block:8fa09ca6f009244f,TP,private key material (test fixture)
kubernetes,b2ec8b6fefac,secretloop,private-key-block,critical,staging/src/k8s.io/apiserver/pkg/util/webhook/certs_test.go,22,----********************----,staging/src/k8s.io/apiserver/pkg/util/webhook/certs_test.go:private-key-block:15181ed27c596dfc,TP,private key material (test fixture)
kubernetes,b2ec8b6fefac,secretloop,private-key-block,critical,staging/src/k8s.io/apiserver/pkg/util/webhook/certs_test.go,132,----********************----,staging/src/k8s.io/apiserver/pkg/util/webhook/certs_test.go:private-key-block:02d9687dcd006f6f,TP,private key material (test fixture)
kubernetes,b2ec8b6fefac,secretloop,private-key-block,critical,staging/src/k8s.io/apiserver/pkg/util/webhook/certs_test.go,199,----********************----,staging/src/k8s.io/apiserver/pkg/util/webhook/certs_test.go:private-key-block:f34785cbd9af716e,TP,private key material (test fixture)
kubernetes,b2ec8b6fefac,secretloop,private-key-block,critical,staging/src/k8s.io/apiserver/pkg/util/x509metrics/server_cert_deprecations_test.go,101,----********************----,staging/src/k8s.io/apiserver/pkg/util/x509metrics/server_cert_deprecations_test.go:private-key-block:02d9687dcd006f6f,TP,private key material (test fixture)
kubernetes,b2ec8b6fefac,secretloop,private-key-block,critical,staging/src/k8s.io/apiserver/plugin/pkg/authenticator/token/oidc/testdata/ecdsa_1.pem,1,----********************----,staging/src/k8s.io/apiserver/plugin/pkg/authenticator/token/oidc/testdata/ecdsa_1.pem:private-key-block:8a95dd15247b3c07,TP,private key material (test fixture)
kubernetes,b2ec8b6fefac,secretloop,private-key-block,critical,staging/src/k8s.io/apiserver/plugin/pkg/authenticator/token/oidc/testdata/ecdsa_2.pem,1,----********************----,staging/src/k8s.io/apiserver/plugin/pkg/authenticator/token/oidc/testdata/ecdsa_2.pem:private-key-block:fca15dbdb9476269,TP,private key material (test fixture)
kubernetes,b2ec8b6fefac,secretloop,private-key-block,critical,staging/src/k8s.io/apiserver/plugin/pkg/authenticator/token/oidc/testdata/ecdsa_3.pem,1,----********************----,staging/src/k8s.io/apiserver/plugin/pkg/authenticator/token/oidc/testdata/ecdsa_3.pem:private-key-block:8744d5ee7a03b44b,TP,private key material (test fixture)
kubernetes,b2ec8b6fefac,secretloop,private-key-block,critical,staging/src/k8s.io/apiserver/plugin/pkg/authenticator/token/oidc/testdata/rsa_1.pem,1,----********************----,staging/src/k8s.io/apiserver/plugin/pkg/authenticator/token/oidc/testdata/rsa_1.pem:private-key-block:705024d26ff0a90a,TP,private key material (test fixture)
kubernetes,b2ec8b6fefac,secretloop,private-key-block,critical,staging/src/k8s.io/apiserver/plugin/pkg/authenticator/token/oidc/testdata/rsa_2.pem,1,----********************----,staging/src/k8s.io/apiserver/plugin/pkg/authenticator/token/oidc/testdata/rsa_2.pem:private-key-block:f602b0cb19809564,TP,private key material (test fixture)
kubernetes,b2ec8b6fefac,secretloop,private-key-block,critical,staging/src/k8s.io/apiserver/plugin/pkg/authenticator/token/oidc/testdata/rsa_3.pem,1,----********************----,staging/src/k8s.io/apiserver/plugin/pkg/authenticator/token/oidc/testdata/rsa_3.pem:private-key-block:4294a9b3c337fccf,TP,private key material (test fixture)
kubernetes,b2ec8b6fefac,secretloop,private-key-block,critical,staging/src/k8s.io/apiserver/plugin/pkg/authenticator/token/webhook/certs_test.go,62,----********************----,staging/src/k8s.io/apiserver/plugin/pkg/authenticator/token/webhook/certs_test.go:private-key-block:d11359bdfd9abd1d,TP,private key material (test fixture)
kubernetes,b2ec8b6fefac,secretloop,private-key-block,critical,staging/src/k8s.io/apiserver/plugin/pkg/authenticator/token/webhook/certs_test.go,110,----********************----,staging/src/k8s.io/apiserver/plugin/pkg/authenticator/token/webhook/certs_test.go:private-key-block:ed27f5e0c9248079,TP,private key material (test fixture)
kubernetes,b2ec8b6fefac,secretloop,private-key-block,critical,staging/src/k8s.io/apiserver/plugin/pkg/authorizer/webhook/certs_test.go,62,----********************----,staging/src/k8s.io/apiserver/plugin/pkg/authorizer/webhook/certs_test.go:private-key-block:d11359bdfd9abd1d,TP,private key material (test fixture)
kubernetes,b2ec8b6fefac,secretloop,private-key-block,critical,staging/src/k8s.io/apiserver/plugin/pkg/authorizer/webhook/certs_test.go,110,----********************----,staging/src/k8s.io/apiserver/plugin/pkg/authorizer/webhook/certs_test.go:private-key-block:ed27f5e0c9248079,TP,private key material (test fixture)
kubernetes,b2ec8b6fefac,secretloop,generic-high-entropy,medium,staging/src/k8s.io/client-go/discovery/testdata/apis/batch/v1.json,1,watc********************aces,staging/src/k8s.io/client-go/discovery/testdata/apis/batch/v1.json:generic-high-entropy:e335b53602a86600,FP,mime type
kubernetes,b2ec8b6fefac,secretloop,generic-high-entropy,medium,staging/src/k8s.io/client-go/discovery/testdata/apis/batch/v1beta1.json,1,watc********************aces,staging/src/k8s.io/client-go/discovery/testdata/apis/batch/v1beta1.json:generic-high-entropy:bcf4ce3c0f91a6b6,FP,mime type
kubernetes,b2ec8b6fefac,secretloop,generic-high-entropy,medium,staging/src/k8s.io/client-go/openapi/openapitest/testdata/apis__apps__v1_openapi.json,13444,watc********************List,staging/src/k8s.io/client-go/openapi/openapitest/testdata/apis__apps__v1_openapi.json:generic-high-entropy:793e55a06cb2baea,FP,long identifier or type name
kubernetes,b2ec8b6fefac,secretloop,generic-high-entropy,medium,staging/src/k8s.io/client-go/openapi/openapitest/testdata/apis__batch__v1_openapi.json,7901,watc********************aces,staging/src/k8s.io/client-go/openapi/openapitest/testdata/apis__batch__v1_openapi.json:generic-high-entropy:e335b53602a86600,FP,long identifier or type name
kubernetes,b2ec8b6fefac,secretloop,generic-high-entropy,medium,staging/src/k8s.io/client-go/openapi/openapitest/testdata/apis__discovery.k8s.io__v1_openapi.json,2405,watc********************aces,staging/src/k8s.io/client-go/openapi/openapitest/testdata/apis__discovery.k8s.io__v1_openapi.json:generic-high-entropy:a6a561c73f9a0eec,FP,long identifier or type name
kubernetes,b2ec8b6fefac,secretloop,generic-high-entropy,medium,staging/src/k8s.io/client-go/openapi/openapitest/testdata/apis__discovery.k8s.io__v1_openapi.json,2547,watc********************List,staging/src/k8s.io/client-go/openapi/openapitest/testdata/apis__discovery.k8s.io__v1_openapi.json:generic-high-entropy:c2af2981a24d6da9,FP,long identifier or type name
kubernetes,b2ec8b6fefac,secretloop,generic-high-entropy,medium,staging/src/k8s.io/client-go/openapi/openapitest/testdata/apis__discovery.k8s.io__v1_openapi.json,2699,watc********************lice,staging/src/k8s.io/client-go/openapi/openapitest/testdata/apis__discovery.k8s.io__v1_openapi.json:generic-high-entropy:336350380f20602f,FP,long identifier or type name
kubernetes,b2ec8b6fefac,secretloop,generic-high-entropy,medium,staging/src/k8s.io/client-go/openapi/openapitest/testdata/apis__networking.k8s.io__v1alpha1_openapi.json,1217,getN********************rces,staging/src/k8s.io/client-go/openapi/openapitest/testdata/apis__networking.k8s.io__v1alpha1_openapi.json:generic-high-entropy:e1922b307c001293,FP,long identifier or type name
kubernetes,b2ec8b6fefac,secretloop,private-key-block,critical,staging/src/k8s.io/client-go/plugin/pkg/client/auth/exec/exec_test.go,71,----********************----,staging/src/k8s.io/client-go/plugin/pkg/client/auth/exec/exec_test.go:private-key-block:b91380968eb20d59,TP,private key material (test fixture)
kubernetes,b2ec8b6fefac,secretloop,generic-high-entropy,medium,staging/src/k8s.io/client-go/rest/with_retry.go,323,X-Ku********************-UID,staging/src/k8s.io/client-go/rest/with_retry.go:generic-high-entropy:f81daed91931bad2,FP,long identifier or type name
kubernetes,b2ec8b6fefac,secretloop,generic-high-entropy,medium,staging/src/k8s.io/client-go/rest/with_retry_test.go,106,X-Ku********************-Uid,staging/src/k8s.io/client-go/rest/with_retry_test.go:generic-high-entropy:2ab20920114b6158,FP,long identifier or type name
kubernetes,b2ec8b6fefac,secretloop,generic-high-entropy,medium,staging/src/k8s.io/client-go/tools/cache/event_handler_name_test.go,41,k8s.********************unc1,staging/src/k8s.io/client-go/tools/cache/event_handler_name_test.go:generic-high-entropy:b110ba8cb439fb23,FP,path or resource identifier
kubernetes,b2ec8b6fefac,secretloop,private-key-block,critical,staging/src/k8s.io/client-go/tools/remotecommand/fallback_test.go,333,----********************----,staging/src/k8s.io/client-go/tools/remotecommand/fallback_test.go:private-key-block:2d0af0d90f7ac8e5,TP,private key material (test fixture)
kubernetes,b2ec8b6fefac,secretloop,private-key-block,critical,staging/src/k8s.io/client-go/transport/transport_test.go,72,----********************----,staging/src/k8s.io/client-go/transport/transport_test.go:private-key-block:b91380968eb20d59,TP,private key material (test fixture)
kubernetes,b2ec8b6fefac,secretloop,private-key-block,critical,staging/src/k8s.io/client-go/util/cert/testdata/dontUseThisKey.pem,1,----********************----,staging/src/k8s.io/client-go/util/cert/testdata/dontUseThisKey.pem:private-key-block:cd1ec0cfa9d258c5,TP,private key material (test fixture)
kubernetes,b2ec8b6fefac,secretloop,private-key-block,critical,staging/src/k8s.io/client-go/util/certificate/certificate_manager_test.go,67,----********************----,staging/src/k8s.io/client-go/util/certificate/certificate_manager_test.go:private-key-block:27bf3b0116ea9895,TP,private key material (test fixture)
kubernetes,b2ec8b6fefac,secretloop,private-key-block,critical,staging/src/k8s.io/client-go/util/certificate/certificate_manager_test.go,112,----********************----,staging/src/k8s.io/client-go/util/certificate/certificate_manager_test.go:private-key-block:1469c4dc0915984a,TP,private key material (test fixture)
kubernetes,b2ec8b6fefac,secretloop,private-key-block,critical,staging/src/k8s.io/client-go/util/certificate/certificate_manager_test.go,146,----********************----,staging/src/k8s.io/client-go/util/certificate/certificate_manager_test.go:private-key-block:27bf3b0116ea9895,TP,private key material (test fixture)
kubernetes,b2ec8b6fefac,secretloop,private-key-block,critical,staging/src/k8s.io/client-go/util/certificate/certificate_manager_test.go,171,----********************----,staging/src/k8s.io/client-go/util/certificate/certificate_manager_test.go:private-key-block:a1129e132174611e,TP,private key material (test fixture)
kubernetes,b2ec8b6fefac,secretloop,private-key-block,critical,staging/src/k8s.io/client-go/util/certificate/certificate_manager_test.go,196,----********************----,staging/src/k8s.io/client-go/util/certificate/certificate_manager_test.go:private-key-block:22ace9ae9b939992,TP,private key material (test fixture)
kubernetes,b2ec8b6fefac,secretloop,private-key-block,critical,staging/src/k8s.io/client-go/util/certificate/certificate_manager_test.go,1193,----********************----,staging/src/k8s.io/client-go/util/certificate/certificate_manager_test.go:private-key-block:4e69697ea8b56b8d,TP,private key material (test fixture)
kubernetes,b2ec8b6fefac,secretloop,private-key-block,critical,staging/src/k8s.io/client-go/util/certificate/certificate_manager_test.go,1202,----********************----,staging/src/k8s.io/client-go/util/certificate/certificate_manager_test.go:private-key-block:0698c423d7b6cb46,TP,private key material (test fixture)
kubernetes,b2ec8b6fefac,secretloop,private-key-block,critical,staging/src/k8s.io/client-go/util/certificate/certificate_manager_test.go,1211,----********************----,staging/src/k8s.io/client-go/util/certificate/certificate_manager_test.go:private-key-block:d654a0e83ca26c6b,TP,private key material (test fixture)
kubernetes,b2ec8b6fefac,secretloop,private-key-block,critical,staging/src/k8s.io/client-go/util/certificate/certificate_manager_test.go,1243,----********************----,staging/src/k8s.io/client-go/util/certificate/certificate_manager_test.go:private-key-block:6739c7a1dc3469b2,TP,private key material (test fixture)
kubernetes,b2ec8b6fefac,secretloop,private-key-block,critical,staging/src/k8s.io/client-go/util/certificate/certificate_manager_test.go,1263,----********************----,staging/src/k8s.io/client-go/util/certificate/certificate_manager_test.go:private-key-block:fa9c98412ac2d725,TP,private key material (test fixture)
kubernetes,b2ec8b6fefac,secretloop,private-key-block,critical,staging/src/k8s.io/client-go/util/keyutil/key_test.go,27,----********************----,staging/src/k8s.io/client-go/util/keyutil/key_test.go:private-key-block:ae171a4b24d295fd,TP,private key material (test fixture)
kubernetes,b2ec8b6fefac,secretloop,private-key-block,critical,staging/src/k8s.io/client-go/util/keyutil/key_test.go,94,----********************----,staging/src/k8s.io/client-go/util/keyutil/key_test.go:private-key-block:b9933faacc8da0fd,TP,private key material (test fixture)
kubernetes,b2ec8b6fefac,secretloop,private-key-block,critical,staging/src/k8s.io/client-go/util/keyutil/key_test.go,102,----********************----,staging/src/k8s.io/client-go/util/keyutil/key_test.go:private-key-block:866147903d5823e4,TP,private key material (test fixture)
kubernetes,b2ec8b6fefac,secretloop,generic-high-entropy,medium,staging/src/k8s.io/cluster-bootstrap/token/jws/jws_test.go,36,eyJh********************j1_8,staging/src/k8s.io/cluster-bootstrap/token/jws/jws_test.go:generic-high-entropy:a3d3dd92ac930bd1,FP,"detached signature, not a credential"
kubernetes,b2ec8b6fefac,secretloop,generic-high-entropy,medium,staging/src/k8s.io/cluster-bootstrap/token/jws/jws_test.go,45,eyJh********************7Tgk,staging/src/k8s.io/cluster-bootstrap/token/jws/jws_test.go:generic-high-entropy:c0b99bc464c59867,FP,"detached signature, not a credential"
kubernetes,b2ec8b6fefac,secretloop,generic-high-entropy,medium,staging/src/k8s.io/cluster-bootstrap/token/jws/jws_test.go,54,eyJh********************vAs8,staging/src/k8s.io/cluster-bootstrap/token/jws/jws_test.go:generic-high-entropy:9ff108d37770d26d,FP,"detached signature, not a credential"
kubernetes,b2ec8b6fefac,secretloop,generic-high-entropy,medium,staging/src/k8s.io/cluster-bootstrap/token/jws/jws_test.go,61,eyJh********************j1_8,staging/src/k8s.io/cluster-bootstrap/token/jws/jws_test.go:generic-high-entropy:a3d3dd92ac930bd1,FP,"detached signature, not a credential"
kubernetes,b2ec8b6fefac,secretloop,generic-high-entropy,medium,staging/src/k8s.io/code-generator/cmd/validation-gen/output_tests/tags/customvalidation/validations.go,39,Vali********************ield,staging/src/k8s.io/code-generator/cmd/validation-gen/output_tests/tags/customvalidation/validations.go:generic-high-entropy:f67db5826ca25ce9,FP,long identifier or type name
kubernetes,b2ec8b6fefac,secretloop,generic-high-entropy,medium,staging/src/k8s.io/component-base/compatibility/registry_test.go,166,--mi********************1.28,staging/src/k8s.io/component-base/compatibility/registry_test.go:generic-high-entropy:be71691281926161,FP,command-line flag string
kubernetes,b2ec8b6fefac,secretloop,generic-high-entropy,medium,staging/src/k8s.io/component-base/compatibility/registry_test.go,181,--mi********************1.30,staging/src/k8s.io/component-base/compatibility/registry_test.go:generic-high-entropy:dbc5e5ad8ee7375d,FP,command-line flag string
kubernetes,b2ec8b6fefac,secretloop,generic-high-entropy,medium,staging/src/k8s.io/component-base/compatibility/registry_test.go,182,--mi********************1.29,staging/src/k8s.io/component-base/compatibility/registry_test.go:generic-high-entropy:3d2c6502f1980375,FP,command-line flag string
kubernetes,b2ec8b6fefac,secretloop,generic-high-entropy,medium,staging/src/k8s.io/component-base/compatibility/registry_test.go,188,--mi********************1.28,staging/src/k8s.io/component-base/compatibility/registry_test.go:generic-high-entropy:cd2d78c54a553c8c,FP,command-line flag string
kubernetes,b2ec8b6fefac,secretloop,generic-high-entropy,medium,staging/src/k8s.io/component-base/compatibility/registry_test.go,199,--mi********************30.2,staging/src/k8s.io/component-base/compatibility/registry_test.go:generic-high-entropy:d9c1e4d7a1ffc71d,FP,command-line flag string
kubernetes,b2ec8b6fefac,secretloop,generic-high-entropy,medium,staging/src/k8s.io/component-base/compatibility/registry_test.go,233,--mi********************1.30,staging/src/k8s.io/component-base/compatibility/registry_test.go:generic-high-entropy:dbc5e5ad8ee7375d,FP,command-line flag string
kubernetes,b2ec8b6fefac,secretloop,generic-high-entropy,medium,staging/src/k8s.io/csi-translation-lib/plugins/gce_pd_test.go,317,proj********************name,staging/src/k8s.io/csi-translation-lib/plugins/gce_pd_test.go:generic-high-entropy:9d0d4bef611fa5ff,FP,path or resource identifier
kubernetes,b2ec8b6fefac,secretloop,generic-high-entropy,medium,staging/src/k8s.io/csi-translation-lib/plugins/gce_pd_test.go,323,proj********************name,staging/src/k8s.io/csi-translation-lib/plugins/gce_pd_test.go:generic-high-entropy:9d0d4bef611fa5ff,FP,path or resource identifier
kubernetes,b2ec8b6fefac,secretloop,generic-high-entropy,medium,staging/src/k8s.io/csi-translation-lib/plugins/gce_pd_test.go,329,proj********************name,staging/src/k8s.io/csi-translation-lib/plugins/gce_pd_test.go:generic-high-entropy:0a721505b0d1f88a,FP,path or resource identifier
kubernetes,b2ec8b6fefac,secretloop,generic-high-entropy,medium,staging/src/k8s.io/csi-translation-lib/plugins/gce_pd_test.go,335,proj********************name,staging/src/k8s.io/csi-translation-lib/plugins/gce_pd_test.go:generic-high-entropy:0a721505b0d1f88a,FP,path or resource identifier
kubernetes,b2ec8b6fefac,secretloop,private-key-block,critical,staging/src/k8s.io/kube-aggregator/pkg/apiserver/handler_proxy_test.go,738,----********************----,staging/src/k8s.io/kube-aggregator/pkg/apiserver/handler_proxy_test.go:private-key-block:cdef33759de78b5e,TP,private key material (test fixture)
kubernetes,b2ec8b6fefac,secretloop,private-key-block,critical,staging/src/k8s.io/kube-aggregator/pkg/apiserver/handler_proxy_test.go,810,----********************----,staging/src/k8s.io/kube-aggregator/pkg/apiserver/handler_proxy_test.go:private-key-block:a520def7b1509c56,TP,private key material (test fixture)
kubernetes,b2ec8b6fefac,secretloop,private-key-block,critical,staging/src/k8s.io/kube-aggregator/pkg/apiserver/testdata/client-ca-key.pem,1,----********************----,staging/src/k8s.io/kube-aggregator/pkg/apiserver/testdata/client-ca-key.pem:private-key-block:235f96891e2bbe2a,TP,private key material (test fixture)
kubernetes,b2ec8b6fefac,secretloop,private-key-block,critical,staging/src/k8s.io/kube-aggregator/pkg/apiserver/testdata/client-key.pem,1,----********************----,staging/src/k8s.io/kube-aggregator/pkg/apiserver/testdata/client-key.pem:private-key-block:f947014a179a0c14,TP,private key material (test fixture)
kubernetes,b2ec8b6fefac,secretloop,private-key-block,critical,staging/src/k8s.io/kube-aggregator/pkg/apiserver/testdata/server-ca-key.pem,1,----********************----,staging/src/k8s.io/kube-aggregator/pkg/apiserver/testdata/server-ca-key.pem:private-key-block:74ae646c34e90884,TP,private key material (test fixture)
kubernetes,b2ec8b6fefac,secretloop,private-key-block,critical,staging/src/k8s.io/kube-aggregator/pkg/apiserver/testdata/server-key.pem,1,----********************----,staging/src/k8s.io/kube-aggregator/pkg/apiserver/testdata/server-key.pem:private-key-block:557adee494083312,TP,private key material (test fixture)
kubernetes,b2ec8b6fefac,secretloop,generic-high-entropy,medium,staging/src/k8s.io/kubectl/pkg/cmd/apply/apply_test.go,2737,appl********************Y-v1,staging/src/k8s.io/kubectl/pkg/cmd/apply/apply_test.go:generic-high-entropy:fe1718276b6dac14,FP,generated resource name
kubernetes,b2ec8b6fefac,secretloop,generic-high-entropy,medium,staging/src/k8s.io/kubectl/pkg/cmd/config/set_credentials_test.go,446,--pa******************qcif,staging/src/k8s.io/kubectl/pkg/cmd/config/set_credentials_test.go:generic-high-entropy:6d3fadad37123061,FP,command-line flag string
kubernetes,b2ec8b6fefac,secretloop,private-key-block,critical,staging/src/k8s.io/kubectl/pkg/cmd/create/create_secret_tls_test.go,43,----********************----,staging/src/k8s.io/kubectl/pkg/cmd/create/create_secret_tls_test.go:private-key-block:ac7298a8c76b634f,TP,private key material (test fixture)
kubernetes,b2ec8b6fefac,secretloop,private-key-block,critical,staging/src/k8s.io/kubectl/pkg/cmd/create/create_secret_tls_test.go,54,----********************----,staging/src/k8s.io/kubectl/pkg/cmd/create/create_secret_tls_test.go:private-key-block:00d0793c3c288848,TP,private key material (test fixture)
kubernetes,b2ec8b6fefac,secretloop,generic-high-entropy,medium,staging/src/k8s.io/kubectl/pkg/explain/v2/templates/batch.k8s.io_v1.json,2580,watc********************aces,staging/src/k8s.io/kubectl/pkg/explain/v2/templates/batch.k8s.io_v1.json:generic-high-entropy:e335b53602a86600,FP,long identifier or type name
kubernetes,b2ec8b6fefac,secretloop,generic-high-entropy,medium,staging/src/k8s.io/kubectl/testdata/openapi/v3/apis/apps/v1.json,13715,watc********************List,staging/src/k8s.io/kubectl/testdata/openapi/v3/apis/apps/v1.json:generic-high-entropy:793e55a06cb2baea,FP,long identifier or type name
kubernetes,b2ec8b6fefac,secretloop,generic-high-entropy,medium,staging/src/k8s.io/kubectl/testdata/openapi/v3/apis/autoscaling/v1.json,1,watc********************aces,staging/src/k8s.io/kubectl/testdata/openapi/v3/apis/autoscaling/v1.json:generic-high-entropy:62951e8f61b1baa4,FP,mime type
kubernetes,b2ec8b6fefac,secretloop,generic-high-entropy,medium,staging/src/k8s.io/kubectl/testdata/openapi/v3/apis/autoscaling/v1.json,1,watc********************List,staging/src/k8s.io/kubectl/testdata/openapi/v3/apis/autoscaling/v1.json:generic-high-entropy:02f2c3f435ec6dbc,FP,mime type
kubernetes,b2ec8b6fefac,secretloop,generic-high-entropy,medium,staging/src/k8s.io/kubectl/testdata/openapi/v3/apis/autoscaling/v1.json,1,watc********************aler,staging/src/k8s.io/kubectl/testdata/openapi/v3/apis/autoscaling/v1.json:generic-high-entropy:19545ce61403f73d,FP,mime type
kubernetes,b2ec8b6fefac,secretloop,generic-high-entropy,medium,staging/src/k8s.io/kubectl/testdata/openapi/v3/apis/autoscaling/v2.json,1,watc********************aces,staging/src/k8s.io/kubectl/testdata/openapi/v3/apis/autoscaling/v2.json:generic-high-entropy:4853db859c9f6372,FP,mime type
kubernetes,b2ec8b6fefac,secretloop,generic-high-entropy,medium,staging/src/k8s.io/kubectl/testdata/openapi/v3/apis/autoscaling/v2.json,1,watc********************List,staging/src/k8s.io/kubectl/testdata/openapi/v3/apis/autoscaling/v2.json:generic-high-entropy:101f04eb3d0d688f,FP,mime type
kubernetes,b2ec8b6fefac,secretloop,generic-high-entropy,medium,staging/src/k8s.io/kubectl/testdata/openapi/v3/apis/autoscaling/v2.json,1,watc********************aler,staging/src/k8s.io/kubectl/testdata/openapi/v3/apis/autoscaling/v2.json:generic-high-entropy:479b641e6fb6d787,FP,mime type
kubernetes,b2ec8b6fefac,secretloop,private-key-block,critical,staging/src/k8s.io/streaming/pkg/httpstream/spdy/roundtripper_test.go,988,----********************----,staging/src/k8s.io/streaming/pkg/httpstream/spdy/roundtripper_test.go:private-key-block:b975195ae5e6e325,TP,private key material (test fixture)
kubernetes,b2ec8b6fefac,secretloop,private-key-block,critical,staging/src/k8s.io/streaming/pkg/httpstream/spdy/roundtripper_test.go,1040,----********************----,staging/src/k8s.io/streaming/pkg/httpstream/spdy/roundtripper_test.go:private-key-block:2d0af0d90f7ac8e5,TP,private key material (test fixture)
kubernetes,b2ec8b6fefac,secretloop,private-key-block,critical,test/cmd/kubeconfig.sh,122,----********************----,test/cmd/kubeconfig.sh:private-key-block:930732fa577a004f,TP,private key material (test fixture)
kubernetes,b2ec8b6fefac,secretloop,generic-api-key-assignment,high,test/e2e/storage/csimock/base.go,148,csi.********************name,test/e2e/storage/csimock/base.go:generic-api-key-assignment:700f671ba7eedfed,FP,path or resource identifier
kubernetes,b2ec8b6fefac,secretloop,private-key-block,critical,test/e2e_node/services/apiserver.go,40,----********************----,test/e2e_node/services/apiserver.go:private-key-block:db9b8a2dbba2c12e,TP,private key material (test fixture)
kubernetes,b2ec8b6fefac,secretloop,private-key-block,critical,test/e2e_node_windows/services/apiserver.go,43,----********************----,test/e2e_node_windows/services/apiserver.go:private-key-block:db9b8a2dbba2c12e,TP,private key material (test fixture)
kubernetes,b2ec8b6fefac,secretloop,private-key-block,critical,test/images/agnhost/porter/localhost.key,1,----********************----,test/images/agnhost/porter/localhost.key:private-key-block:d7fed7b793a13bbd,TP,private key material (test fixture)
kubernetes,b2ec8b6fefac,secretloop,private-key-block,critical,test/integration/apiserver/admissionwebhook/admission_test.go,1790,----********************----,test/integration/apiserver/admissionwebhook/admission_test.go:private-key-block:a5c174a3ff24c5b6,TP,private key material (test fixture)
kubernetes,b2ec8b6fefac,secretloop,private-key-block,critical,test/integration/apiserver/certreload/certreload_test.go,331,----********************----,test/integration/apiserver/certreload/certreload_test.go:private-key-block:a13312e17f2862cf,TP,private key material (test fixture)
kubernetes,b2ec8b6fefac,secretloop,private-key-block,critical,test/integration/apiserver/certreload/certreload_test.go,380,----********************----,test/integration/apiserver/certreload/certreload_test.go:private-key-block:d8d0682f3a30d6b2,TP,private key material (test fixture)
kubernetes,b2ec8b6fefac,secretloop,private-key-block,critical,test/integration/auth/svcaccttoken_test.go,70,----********************----,test/integration/auth/svcaccttoken_test.go:private-key-block:db9b8a2dbba2c12e,TP,private key material (test fixture)
kubernetes,b2ec8b6fefac,secretloop,private-key-block,critical,test/integration/auth/testdata/sloppy-san-client-key.pem,1,----********************----,test/integration/auth/testdata/sloppy-san-client-key.pem:private-key-block:6c4def9ab98269b8,TP,private key material (test fixture)
kubernetes,b2ec8b6fefac,secretloop,private-key-block,critical,test/integration/etcd/server.go,64,----********************----,test/integration/etcd/server.go:private-key-block:db9b8a2dbba2c12e,TP,private key material (test fixture)
kubernetes,b2ec8b6fefac,secretloop,private-key-block,critical,test/integration/framework/test_server.go,60,----********************----,test/integration/framework/test_server.go:private-key-block:db9b8a2dbba2c12e,TP,private key material (test fixture)
kubernetes,b2ec8b6fefac,secretloop,private-key-block,critical,test/utils/admission_webhook.go,112,----********************----,test/utils/admission_webhook.go:private-key-block:ca9168cded760abb,TP,private key material (test fixture)
requests,dae7ef63b4df,gitleaks,private-key,,tests/certs/expired/ca/ca-private.key,1,REDACTED,tests/certs/expired/ca/ca-private.key:private-key:1,TP,private key material (test fixture)
requests,dae7ef63b4df,gitleaks,private-key,,tests/certs/expired/server/server.key,1,REDACTED,tests/certs/expired/server/server.key:private-key:1,TP,private key material (test fixture)
requests,dae7ef63b4df,gitleaks,private-key,,tests/certs/mtls/client/client.key,1,REDACTED,tests/certs/mtls/client/client.key:private-key:1,TP,private key material (test fixture)
requests,dae7ef63b4df,gitleaks,private-key,,tests/certs/valid/server/server.key,1,REDACTED,tests/certs/valid/server/server.key:private-key:1,TP,private key material (test fixture)
requests,dae7ef63b4df,secretloop,private-key-block,critical,tests/certs/expired/ca/ca-private.key,1,----********************----,tests/certs/expired/ca/ca-private.key:private-key-block:a642bf18450c3d84,TP,private key material (test fixture)
requests,dae7ef63b4df,secretloop,private-key-block,critical,tests/certs/expired/server/server.key,1,----********************----,tests/certs/expired/server/server.key:private-key-block:2712a8b0b75bb020,TP,private key material (test fixture)
requests,dae7ef63b4df,secretloop,private-key-block,critical,tests/certs/mtls/client/client.key,1,----********************----,tests/certs/mtls/client/client.key:private-key-block:7e0b21e789c179ad,TP,private key material (test fixture)
requests,dae7ef63b4df,secretloop,private-key-block,critical,tests/certs/valid/server/server.key,1,----********************----,tests/certs/valid/server/server.key:private-key-block:520dcae7558b78ec,TP,private key material (test fixture)
requests,dae7ef63b4df,secretloop,http-basic-auth-url,critical,tests/test_utils.py,452,{ENC**********ORD},tests/test_utils.py:http-basic-auth-url:f1b99f520cb94a0a,FP,literal placeholder
axios,b8d67bbbd6b3,trufflehog,URI,,docs/fr/pages/advanced/fetch-adapter.md,15,REDACTED,a0ddb783cd17ada5b3e63e20d1f3edb8a30ce6bbd75c3a871c5246c7a85a637a,FP,literal placeholder
axios,b8d67bbbd6b3,trufflehog,URI,,CHANGELOG.md,200,REDACTED,da3fc41537cb7e6a78bfb84814229bf85754eead5a7fef3d379b6fdbee7af316,FP,documentation example
axios,b8d67bbbd6b3,trufflehog,URI,,README.md,951,REDACTED,c449d4f00127cc36cb9858da4db73bcb481fb0489ab394228d32eb1b3d01f654,FP,literal placeholder
axios,b8d67bbbd6b3,trufflehog,URI,,README.md,2562,REDACTED,74e6d8c9c876f83054eeb096a8297d1c7c2d1099d29c02b1de61fa89c4947779,FP,literal placeholder
axios,b8d67bbbd6b3,trufflehog,URI,,docs/zh/pages/advanced/fetch-adapter.md,15,REDACTED,298528ae1e3b2afe6ea9ae337ceed131fb63a2c2ae2d9563064e991b9a76da63,FP,literal placeholder
axios,b8d67bbbd6b3,trufflehog,URI,,docs/es/pages/advanced/fetch-adapter.md,15,REDACTED,3fc55e869a837ba8612f7c616056dd5887f274e7fd79225a746838009dcad432,FP,literal placeholder
axios,b8d67bbbd6b3,trufflehog,YoutubeApiKey,,docs/data/sponsors.json,1879,REDACTED,41e4164d3ff78b1eb920be16acf13e030085d6be50d0b35cda1711167cd9490a,FP,documentation example
axios,b8d67bbbd6b3,trufflehog,YoutubeApiKey,,docs/data/sponsors.json,1882,REDACTED,f8f2351208094801c891db8b73696bb59e4bb42a59c211e6d2e793b1a0f06105,FP,documentation example
axios,b8d67bbbd6b3,trufflehog,URI,,docs/es/pages/advanced/request-config.md,177,REDACTED,5b1c6ca3c626246c7aa3c7a406b564f249838a7b5ea9ef88757b996b61335d72,FP,literal placeholder
axios,b8d67bbbd6b3,trufflehog,URI,,docs/es/pages/advanced/authentication.md,36,REDACTED,ca8a3c4fc3332fdbd55dc73963098fd2044fcc129db851be2b7369b3630d9f5e,FP,literal placeholder
axios,b8d67bbbd6b3,trufflehog,URI,,docs/fr/pages/advanced/authentication.md,36,REDACTED,8dda6cb87c0865dfcad275b0b7135d84691e12555e3db929e394bb67f110bf56,FP,literal placeholder
axios,b8d67bbbd6b3,trufflehog,URI,,docs/fr/pages/advanced/request-config.md,177,REDACTED,6b8a70b33d95d39daaa09dc5ecc64c7713bc453bace130aa0c665c9ae9e8e349,FP,long identifier or type name
axios,b8d67bbbd6b3,trufflehog,URI,,docs/pages/advanced/fetch-adapter.md,15,REDACTED,340899b23b93f6c5658e8e1c4e047cd021cf6de7cd48b4053b41257ba7257fef,FP,literal placeholder
axios,b8d67bbbd6b3,trufflehog,URI,,docs/pages/advanced/authentication.md,36,REDACTED,16add2e3f2a4303fc7b32a9515845e16e97c4d22eaa5d220e58b311274960351,FP,literal placeholder
axios,b8d67bbbd6b3,trufflehog,URI,,docs/pages/advanced/request-config.md,177,REDACTED,2a879220273fc57214919f2aad37c36266c31945dd3974d4be3d201a3fdb520d,FP,literal placeholder
axios,b8d67bbbd6b3,trufflehog,URI,,docs/zh/pages/advanced/request-config.md,177,REDACTED,feb6eb3a145a21cf5c0a4014bb3722a137ff2a1dcdb06c3c479b4770be3c8374,FP,literal placeholder
axios,b8d67bbbd6b3,trufflehog,URI,,docs/zh/pages/advanced/authentication.md,36,REDACTED,25f84d3c3a55f5b545d38bd57850ebce223c1680f5b618b304afdc36026b47ce,FP,literal placeholder
axios,b8d67bbbd6b3,trufflehog,URI,,docs/zh/pages/advanced/request-config.md,1,REDACTED,d0cf772aff7ef4cb39acd520e7c7538dddf2049e932e3330cb12b47f18fc3271,FP,documentation example
axios,b8d67bbbd6b3,trufflehog,URI,,tests/smoke/cjs/tests/auth.smoke.test.cjs,108,REDACTED,b779be2da19fce9e1f8aa8d2fb89367d3455158eb6c5270753713a07f0b039ac,FP,literal placeholder
axios,b8d67bbbd6b3,trufflehog,URI,,tests/smoke/esm/tests/auth.smoke.test.js,108,REDACTED,495fe34dc91e5c45cadc5a4febd137cb432580be15c65e931d4e9669594a4d69,FP,literal placeholder
axios,b8d67bbbd6b3,trufflehog,URI,,tests/unit/adapters/fetch.test.js,729,REDACTED,5bcd0bb7e25125b6a1122bce70d848ebbf5584c0519c8a62a98579979e7562d6,FP,literal placeholder
axios,b8d67bbbd6b3,trufflehog,URI,,tests/unit/adapters/fetch.test.js,710,REDACTED,5980c75aa8f30e51768c635d58c91244bc348d4018e3e9ab4f1e2ad06ded11f3,FP,literal placeholder
axios,b8d67bbbd6b3,trufflehog,URI,,tests/unit/adapters/http.test.js,3794,REDACTED,0bd8727b4cceba3f054e864d9b2895e433bca6a731224ebd1b705a1aa6646385,FP,literal placeholder
axios,b8d67bbbd6b3,trufflehog,PrivateKey,,tests/unit/adapters/key.pem,1,REDACTED,838824325c5170be79b51da0be2a7f51e79a88231061b899680d5d48def93fc3,TP,private key material (test fixture)
axios,b8d67bbbd6b3,trufflehog,URI,,tests/unit/adapters/http.test.js,3582,REDACTED,e1c976bbf3de79c5dbeb6774691e5b88267f1f5710474bcd240bb2ff2e97f8b3,FP,credential in URL is a literal placeholder
axios,b8d67bbbd6b3,trufflehog,URI,,tests/unit/adapters/http.test.js,3582,REDACTED,f83ccf64a3b4440d5f83f6d30be7c1936cb31c8b1bebf419712363f81b5489b6,FP,credential in URL is a literal placeholder
axios,b8d67bbbd6b3,trufflehog,URI,,tests/unit/adapters/http.test.js,3333,REDACTED,ac3fdf96769c3994b7187e114e259161a6fb769466ba3c1a84f982844f98babe,FP,literal placeholder
axios,b8d67bbbd6b3,trufflehog,URI,,tests/unit/adapters/http.test.js,1324,REDACTED,1a9121c2b98a8df59bb60b3498b42ed3ab3d27bac19a26fea66850ac0abe437c,FP,literal placeholder
axios,b8d67bbbd6b3,trufflehog,URI,,tests/unit/adapters/http.test.js,1090,REDACTED,f998fdbef874fe31ff9b0539fe3d5e32c909f218b4db905d416e063a046f8e25,UNKNOWN,reported line holds no locatable candidate; undecidable without Raw/RawV2
axios,b8d67bbbd6b3,trufflehog,URI,,tests/unit/parseProtocol.test.js,10,REDACTED,521e9852bb1f3bdb99961364d20f4546f1adf427129e18a749647b92ace744f9,FP,literal placeholder
axios,b8d67bbbd6b3,trufflehog,URI,,tests/unit/adapters/fetch.test.js,346,REDACTED,16a306179ab4188f95ec7de26dd46fb01f09d1a0e510f41fd27f918ce891327f,UNKNOWN,reported line holds no locatable candidate; undecidable without Raw/RawV2
axios,b8d67bbbd6b3,trufflehog,URI,,tests/unit/adapters/fetch.test.js,673,REDACTED,dcd4143674bf85297143f4f3c35713e6d1fb20ffac66250a078dec7da3a37329,FP,literal placeholder
deno,83bb8d578050,trufflehog,URI,,cli/tsc/dts/lib.deno_url.d.ts,354,REDACTED,0a2a427fc40f2e2b2146c360d9f0c1551bc01fd39d4c9b60f7114cf9be53a8b5,FP,documentation example
deno,83bb8d578050,trufflehog,URI,,cli/tsc/dts/node/https.d.cts,395,REDACTED,e83c1d1e21c63316a70d89079745061a6a2a871ff59309cf9ab26c0efd6f8d44,FP,literal placeholder
deno,83bb8d578050,trufflehog,URI,,cli/tsc/dts/node/http.d.cts,1774,REDACTED,3b61b1bb7876b520ab9f175f228b6cb74df9eed7bdaa27b4f54cbcd7743687ae,FP,literal placeholder
deno,83bb8d578050,trufflehog,URI,,cli/tsc/dts/node/url.d.cts,557,REDACTED,5686ae2f657424e13846994458685d94ffdbecc704dc49949b132e8fd7f7aa84,FP,literal placeholder
deno,83bb8d578050,trufflehog,URI,,cli/tsc/dts/node/url.d.cts,563,REDACTED,7a1b789871475f34aa02eb335f77edae1017b688e1c3c774f91b2934055484e1,FP,literal placeholder
deno,83bb8d578050,trufflehog,URI,,cli/tsc/dts/node/url.d.cts,728,REDACTED,b8184e4d011441a3d24501d5560f39bbe2ab2b98aefb7d2a5f606ea110e3de84,FP,literal placeholder
deno,83bb8d578050,trufflehog,URI,,cli/tsc/dts/node/url.d.cts,722,REDACTED,ecd9b98901b4b2a78db9fa0212383e3e344f75f009762ccdbd6beb3393fdfdd8,FP,literal placeholder
deno,83bb8d578050,trufflehog,URI,,tests/registry/npm/@types/node/node-22.15.15.tgz,1708,REDACTED,95b4e77f86dd0dfbc0d44f8a8de487eb5d6c08979309b7530116377138fe2c22,UNKNOWN,archive member not identified by source metadata; outer archive path + member-relative line is insufficient for reproducible triage
deno,83bb8d578050,trufflehog,URI,,tests/registry/npm/@types/node/node-22.15.15.tgz,395,REDACTED,50a49a1db5661a347f0fb31ff52266e8634b06631cb11ed98efcfa62604543ba,UNKNOWN,archive member not identified by source metadata; outer archive path + member-relative line is insufficient for reproducible triage
deno,83bb8d578050,trufflehog,URI,,tests/registry/npm/@types/node/node-24.2.0.tgz,1774,REDACTED,df547ff6048b583a012a211feb996116d224164bb8d9fb9c202444d3346626b1,UNKNOWN,archive member not identified by source metadata; outer archive path + member-relative line is insufficient for reproducible triage
deno,83bb8d578050,trufflehog,URI,,tests/registry/npm/@types/node/node-24.2.0.tgz,395,REDACTED,190b4b0a47417d63465821ea63d71dc34f38ec3901d2a0c50b2e0ef3c03767b5,UNKNOWN,archive member not identified by source metadata; outer archive path + member-relative line is insufficient for reproducible triage
deno,83bb8d578050,trufflehog,URI,,tests/registry/npm/@types/node/node-22.12.0.tgz,1686,REDACTED,43a167258e5be8859b0c4e4fd262eb84f23766582ad3953a1b4d8c4a7c2d4533,UNKNOWN,archive member not identified by source metadata; outer archive path + member-relative line is insufficient for reproducible triage
deno,83bb8d578050,trufflehog,URI,,tests/registry/npm/@types/node/node-22.12.0.tgz,393,REDACTED,2dfad96f8c4d12d62a928f971b979cde9fe7766050e376bc5387bb898f69a416,UNKNOWN,archive member not identified by source metadata; outer archive path + member-relative line is insufficient for reproducible triage
deno,83bb8d578050,trufflehog,URI,,tests/registry/npm/@types/node/node-24.2.0.tgz,728,REDACTED,f71d100302c116382723bad48f3e01795209c285878f72c4df9fb65c75754b64,UNKNOWN,archive member not identified by source metadata; outer archive path + member-relative line is insufficient for reproducible triage
deno,83bb8d578050,trufflehog,URI,,tests/registry/npm/@types/node/node-24.2.0.tgz,722,REDACTED,fa5d49a61a1dd98126f35fabce4ef53d7a7ce2ca4f9b94c7dd08685c57432730,UNKNOWN,archive member not identified by source metadata; outer archive path + member-relative line is insufficient for reproducible triage
deno,83bb8d578050,trufflehog,URI,,tests/registry/npm/@types/node/node-24.2.0.tgz,557,REDACTED,4a54ae1f9d8bf45511ccce13e6537cd945f49ed2bc76fbadbde8199331a0280d,UNKNOWN,archive member not identified by source metadata; outer archive path + member-relative line is insufficient for reproducible triage
deno,83bb8d578050,trufflehog,URI,,tests/registry/npm/@types/node/node-24.2.0.tgz,563,REDACTED,179dc4568e34a4fd19083db399fed520d0e5d223c6f490e9452ac3a8add797f4,UNKNOWN,archive member not identified by source metadata; outer archive path + member-relative line is insufficient for reproducible triage
deno,83bb8d578050,trufflehog,URI,,tests/registry/npm/@types/node/node-22.12.0.tgz,730,REDACTED,83b110a8af96fba71ceb65d48d8be76fbcae1a8f79442406bad9bcde7778b3c8,UNKNOWN,archive member not identified by source metadata; outer archive path + member-relative line is insufficient for reproducible triage
deno,83bb8d578050,trufflehog,URI,,tests/registry/npm/@types/node/node-22.12.0.tgz,565,REDACTED,1b83a827a2c85725bd0d095c6cb5efa0b469802ec8106af5d6375f6052b29f05,UNKNOWN,archive member not identified by source metadata; outer archive path + member-relative line is insufficient for reproducible triage
deno,83bb8d578050,trufflehog,URI,,tests/registry/npm/@types/node/node-22.12.0.tgz,724,REDACTED,fcb5ee0f4fee111f6864d1b5c1664b610f3ea1b74e858ce94667fb80add49fd7,UNKNOWN,archive member not identified by source metadata; outer archive path + member-relative line is insufficient for reproducible triage
deno,83bb8d578050,trufflehog,URI,,tests/registry/npm/@types/node/node-22.12.0.tgz,559,REDACTED,c0e5d8d0ae3e4a56b855274c25c000d9a59188593dffadca807c9ece89b3fac6,UNKNOWN,archive member not identified by source metadata; outer archive path + member-relative line is insufficient for reproducible triage
deno,83bb8d578050,trufflehog,URI,,tests/registry/npm/@types/node/node-22.15.15.tgz,730,REDACTED,4753d0de6a92a772f866f23e1f7c4df0aa7bea4addf3ebc0afe6833a9916b2d8,UNKNOWN,archive member not identified by source metadata; outer archive path + member-relative line is insufficient for reproducible triage
deno,83bb8d578050,trufflehog,URI,,tests/registry/npm/@types/node/node-22.15.15.tgz,724,REDACTED,7073068793df19b278cc8e260ebd15b8fc2dc03599dd4c8948d6230a524d7a5e,UNKNOWN,archive member not identified by source metadata; outer archive path + member-relative line is insufficient for reproducible triage
deno,83bb8d578050,trufflehog,URI,,tests/registry/npm/@types/node/node-22.15.15.tgz,559,REDACTED,d0f455ef5d0a06fc24593923eb307b76a7416c188377308fdd37cbfb0f3cfeee,UNKNOWN,archive member not identified by source metadata; outer archive path + member-relative line is insufficient for reproducible triage
deno,83bb8d578050,trufflehog,URI,,tests/registry/npm/@types/node/node-22.15.15.tgz,565,REDACTED,a0e65d96f2bfff47db0d7255569470914af2c6314653f0fee30adc5c499b948a,UNKNOWN,archive member not identified by source metadata; outer archive path + member-relative line is insufficient for reproducible triage
deno,83bb8d578050,trufflehog,Box,,tests/registry/npm/@types/node/registry.json,1,REDACTED,11d04c7868f61ca161b50487ce1b44f344853dd5ea1e86ca1591ab2f2a8ed926,FP,digest or checksum
deno,83bb8d578050,trufflehog,PrivateKey,,tests/registry/npm/ssh2/ssh2-1.11.0.tgz,1,REDACTED,f5faa992467fa14be06aa20677f0b2a2c4429f65c5a3ee8cfc95d690dc7e7a27,UNKNOWN,archive member not identified by source metadata; outer archive path + member-relative line is insufficient for reproducible triage
deno,83bb8d578050,trufflehog,PrivateKey,,tests/registry/npm/ssh2/ssh2-1.11.0.tgz,1,REDACTED,2d2c18c84a48300ccf8bfb19763e5e26f4acf204b15d86ef4bb597fd1f356e89,UNKNOWN,archive member not identified by source metadata; outer archive path + member-relative line is insufficient for reproducible triage
deno,83bb8d578050,trufflehog,PrivateKey,,tests/registry/npm/ssh2/ssh2-1.11.0.tgz,6,REDACTED,610c2a53642901da33501861fde25edd8151434dc843e4ea1e031fb375022f39,UNKNOWN,archive member not identified by source metadata; outer archive path + member-relative line is insufficient for reproducible triage
deno,83bb8d578050,trufflehog,PrivateKey,,tests/registry/npm/ssh2/ssh2-1.11.0.tgz,6,REDACTED,9d6d4de7b4a5fde32551300ee8ea1693ff2a3129e13f8b6e611708e8272f32d6,UNKNOWN,archive member not identified by source metadata; outer archive path + member-relative line is insufficient for reproducible triage
deno,83bb8d578050,trufflehog,PrivateKey,,tests/registry/npm/ssh2/ssh2-1.11.0.tgz,6,REDACTED,553651ca3f575345fbbef3f1e0109f974b21baff55348665b654d50cce58bc3b,UNKNOWN,archive member not identified by source metadata; outer archive path + member-relative line is insufficient for reproducible triage
deno,83bb8d578050,trufflehog,PrivateKey,,tests/registry/npm/ssh2/ssh2-1.11.0.tgz,1,REDACTED,24b66841a56e15a0417832f0226bed8fa598c366178f6f0e6176e2977595993f,UNKNOWN,archive member not identified by source metadata; outer archive path + member-relative line is insufficient for reproducible triage
deno,83bb8d578050,trufflehog,PrivateKey,,tests/registry/npm/ssh2/ssh2-1.11.0.tgz,6,REDACTED,771355c41a692311818c7323109e9b248c4f674dd59a7838ff45168befefe297,UNKNOWN,archive member not identified by source metadata; outer archive path + member-relative line is insufficient for reproducible triage
deno,83bb8d578050,trufflehog,PrivateKey,,tests/registry/npm/ssh2/ssh2-1.11.0.tgz,6,REDACTED,2644baf5032000a4caf179dfce2f8dc860426e931bdffe4960fa25f352f7b3b8,UNKNOWN,archive member not identified by source metadata; outer archive path + member-relative line is insufficient for reproducible triage
deno,83bb8d578050,trufflehog,PrivateKey,,tests/registry/npm/ssh2/ssh2-1.11.0.tgz,1,REDACTED,755e3de396290526a5faf567199cf3bfb035fab74335e6200f8e5bf672c47cb4,UNKNOWN,archive member not identified by source metadata; outer archive path + member-relative line is insufficient for reproducible triage
deno,83bb8d578050,trufflehog,PrivateKey,,tests/registry/npm/ssh2/ssh2-1.11.0.tgz,1,REDACTED,548cee308b903831eb58f36a6552681f146bc0ae0ea8a3bf1087d2b4653a9c09,UNKNOWN,archive member not identified by source metadata; outer archive path + member-relative line is insufficient for reproducible triage
deno,83bb8d578050,trufflehog,PrivateKey,,tests/registry/npm/ssh2/ssh2-1.11.0.tgz,1,REDACTED,2bb1c5d21731b0e25c8da0a9fb6cd7eed291818963deb1084086c44a0035f381,UNKNOWN,archive member not identified by source metadata; outer archive path + member-relative line is insufficient for reproducible triage
deno,83bb8d578050,trufflehog,PrivateKey,,tests/registry/npm/ssh2/ssh2-1.11.0.tgz,6,REDACTED,9b1b56328c663a5d2adb3316b79d0ae708ea845bc151c059cb156ad0ea2a5b73,UNKNOWN,archive member not identified by source metadata; outer archive path + member-relative line is insufficient for reproducible triage
deno,83bb8d578050,trufflehog,PrivateKey,,tests/registry/npm/ssh2/ssh2-1.11.0.tgz,6,REDACTED,9a480e122507f9db139479af4d01fb9a58d9af2d44a44db2dbaa24c93db6c4b0,UNKNOWN,archive member not identified by source metadata; outer archive path + member-relative line is insufficient for reproducible triage
deno,83bb8d578050,trufflehog,PrivateKey,,tests/registry/npm/ssh2/ssh2-1.11.0.tgz,1,REDACTED,77ddf188baf8d693fdab7a1efcd7ad9e027ffb8a01bf5a0093c82b584e376501,UNKNOWN,archive member not identified by source metadata; outer archive path + member-relative line is insufficient for reproducible triage
deno,83bb8d578050,trufflehog,PrivateKey,,tests/registry/npm/ssh2/ssh2-1.11.0.tgz,1,REDACTED,dccee96790a56473b33ddc504a17668257dd56b2e709ece1fa01b195fe9be377,UNKNOWN,archive member not identified by source metadata; outer archive path + member-relative line is insufficient for reproducible triage
deno,83bb8d578050,trufflehog,PrivateKey,,tests/registry/npm/ssh2/ssh2-1.11.0.tgz,6,REDACTED,ce09286e9b106e9f9253b9a1216ee9c9f18da6c00da815e5bd31b01565592175,UNKNOWN,archive member not identified by source metadata; outer archive path + member-relative line is insufficient for reproducible triage
deno,83bb8d578050,trufflehog,PrivateKey,,tests/registry/npm/ssh2/ssh2-1.11.0.tgz,1,REDACTED,e5c83fad34543abeb9e3134a534194157249c7e11b23d30c3098121ed352802d,UNKNOWN,archive member not identified by source metadata; outer archive path + member-relative line is insufficient for reproducible triage
deno,83bb8d578050,trufflehog,PrivateKey,,tests/registry/npm/ssh2/ssh2-1.11.0.tgz,6,REDACTED,e65c62aeee3f7a694a08dcf2db398c220b83f4f82de71467d1139fa7aa45d390,UNKNOWN,archive member not identified by source metadata; outer archive path + member-relative line is insufficient for reproducible triage
deno,83bb8d578050,trufflehog,PrivateKey,,tests/registry/npm/ssh2/ssh2-1.11.0.tgz,1,REDACTED,8297712d8b6d4c9a2ae77bd63ab2162d42217630f1f8894ec58f5785c6c0df39,UNKNOWN,archive member not identified by source metadata; outer archive path + member-relative line is insufficient for reproducible triage
deno,83bb8d578050,trufflehog,PrivateKey,,tests/registry/npm/ssh2/ssh2-1.11.0.tgz,6,REDACTED,075b9942f2aa21d1a2ad59790ab580fd885b3cf9aecb8040e32893c128489571,UNKNOWN,archive member not identified by source metadata; outer archive path + member-relative line is insufficient for reproducible triage
deno,83bb8d578050,trufflehog,PrivateKey,,tests/registry/npm/ssh2/ssh2-1.11.0.tgz,1,REDACTED,3b3de5802bf94ab00ed419246c2f5fc0e9a9343d755ec28631da536953b1cb00,UNKNOWN,archive member not identified by source metadata; outer archive path + member-relative line is insufficient for reproducible triage
deno,83bb8d578050,trufflehog,PrivateKey,,tests/registry/npm/ssh2/ssh2-1.11.0.tgz,1,REDACTED,4d572d9ca765bdda239da5d0db746a308f3d243dae205baab26685959e4c52c0,UNKNOWN,archive member not identified by source metadata; outer archive path + member-relative line is insufficient for reproducible triage
deno,83bb8d578050,trufflehog,PrivateKey,,tests/registry/npm/ssh2/ssh2-1.11.0.tgz,1,REDACTED,e23f972204d05cec0a2aae26f8af585fb9eae5730d571a814497ac4d0b80b23e,UNKNOWN,archive member not identified by source metadata; outer archive path + member-relative line is insufficient for reproducible triage
deno,83bb8d578050,trufflehog,PrivateKey,,tests/registry/npm/ssh2/ssh2-1.11.0.tgz,1,REDACTED,6a05f8f67f8955baebfd9389bc7ef50f0526f3fb90173a7d9affcde0b373b460,UNKNOWN,archive member not identified by source metadata; outer archive path + member-relative line is insufficient for reproducible triage
deno,83bb8d578050,trufflehog,PrivateKey,,tests/registry/npm/ssh2/ssh2-1.11.0.tgz,6,REDACTED,2187d3901a05e1997e06bb5d0d72541b231a11f33f0637e1ce3b83cc3386fabf,UNKNOWN,archive member not identified by source metadata; outer archive path + member-relative line is insufficient for reproducible triage
deno,83bb8d578050,trufflehog,GitHubOauth2,,tests/registry/npm/yargs/yargs-15.4.1.tgz,164,REDACTED,12efa5e326458e14ea94d770a17586ab01f14f6b1aa0b4588a5cdab93ae4f355,UNKNOWN,archive member not identified by source metadata; outer archive path + member-relative line is insufficient for reproducible triage
deno,83bb8d578050,trufflehog,GitHubOauth2,,tests/registry/npm/yargs/yargs-15.4.1.tgz,164,REDACTED,89cbb82ba18c4c6cb96438d890da02caf1d6843ab60a8c37a7f2da8a6990e0a5,UNKNOWN,archive member not identified by source metadata; outer archive path + member-relative line is insufficient for reproducible triage
deno,83bb8d578050,trufflehog,GitHubOauth2,,tests/registry/npm/yargs/yargs-15.4.1.tgz,164,REDACTED,5d0ee14396115fd12b5a33f29153dbaaf9d4c4362742c5bf9564f8e84319825f,UNKNOWN,archive member not identified by source metadata; outer archive path + member-relative line is insufficient for reproducible triage
deno,83bb8d578050,trufflehog,GitHubOauth2,,tests/registry/npm/yargs/yargs-15.4.1.tgz,164,REDACTED,2fbad06bad015e3938a25d4d04f7a92a829b96d165c2cc7f309bbd8dbbdb4b74,UNKNOWN,archive member not identified by source metadata; outer archive path + member-relative line is insufficient for reproducible triage
deno,83bb8d578050,trufflehog,GitHubOauth2,,tests/registry/npm/yargs/yargs-15.4.1.tgz,164,REDACTED,b4df9d6ef86fabb5c5f0c956a341da99159e1248e352bd7cfc5c310e6b66b496,UNKNOWN,archive member not identified by source metadata; outer archive path + member-relative line is insufficient for reproducible triage
deno,83bb8d578050,trufflehog,GitHubOauth2,,tests/registry/npm/yargs/yargs-15.4.1.tgz,164,REDACTED,629bf8bf935dea2a1f46745080ffeba40cdfe3da16df4207b3f8c54a00bb370e,UNKNOWN,archive member not identified by source metadata; outer archive path + member-relative line is insufficient for reproducible triage
deno,83bb8d578050,trufflehog,GitHubOauth2,,tests/registry/npm/yargs/yargs-15.4.1.tgz,164,REDACTED,8730688ffb49bd3bbdadd73ca00df76485bcacbe9ed605a1b557f4d4accc35bb,UNKNOWN,archive member not identified by source metadata; outer archive path + member-relative line is insufficient for reproducible triage
deno,83bb8d578050,trufflehog,GitHubOauth2,,tests/registry/npm/yargs/yargs-15.4.1.tgz,164,REDACTED,0f581a812807b33af13d1c2738e5c55dd331f68fa14eb5c37a3114a88cfb58d7,UNKNOWN,archive member not identified by source metadata; outer archive path + member-relative line is insufficient for reproducible triage
deno,83bb8d578050,trufflehog,GitHubOauth2,,tests/registry/npm/yargs/yargs-15.4.1.tgz,164,REDACTED,c38c7467cb3693b7b00a5d78494ea310435f063c06e5b7f42359a656a2204bbd,UNKNOWN,archive member not identified by source metadata; outer archive path + member-relative line is insufficient for reproducible triage
deno,83bb8d578050,trufflehog,GitHubOauth2,,tests/registry/npm/yargs/yargs-15.4.1.tgz,164,REDACTED,f7938c06e8679df9dd1f8716999426e841c66560e8cbc59dedb26312907075f6,UNKNOWN,archive member not identified by source metadata; outer archive path + member-relative line is insufficient for reproducible triage
deno,83bb8d578050,trufflehog,GitHubOauth2,,tests/registry/npm/yargs/yargs-15.4.1.tgz,164,REDACTED,b9c73d3674d43f31e1d68b282c9238596412aeacd0efbba55bef8a4e91b877db,UNKNOWN,archive member not identified by source metadata; outer archive path + member-relative line is insufficient for reproducible triage
deno,83bb8d578050,trufflehog,GitHubOauth2,,tests/registry/npm/yargs/yargs-15.4.1.tgz,164,REDACTED,ec1ffdbbb0d5e945a992a1bb7e16fec9a912f3d94231b9ce7dcf3b518141e3e2,UNKNOWN,archive member not identified by source metadata; outer archive path + member-relative line is insufficient for reproducible triage
deno,83bb8d578050,trufflehog,GitHubOauth2,,tests/registry/npm/yargs/yargs-15.4.1.tgz,164,REDACTED,7e0d27a0dbdc489de2e022a2496b2a1fc516ca68c9de47c5ab0ebf9195bcca20,UNKNOWN,archive member not identified by source metadata; outer archive path + member-relative line is insufficient for reproducible triage
deno,83bb8d578050,trufflehog,GitHubOauth2,,tests/registry/npm/yargs/yargs-15.4.1.tgz,164,REDACTED,33675a5ab352d848f783e14b0c08080f49dd49229a2905dc7e1ed4ce1bf45e31,UNKNOWN,archive member not identified by source metadata; outer archive path + member-relative line is insufficient for reproducible triage
deno,83bb8d578050,trufflehog,GitHubOauth2,,tests/registry/npm/yargs/yargs-15.4.1.tgz,164,REDACTED,4b6d4d7a3e71baa2906051a508db6480625dbbe983acf0901f1f3007edd36b6e,UNKNOWN,archive member not identified by source metadata; outer archive path + member-relative line is insufficient for reproducible triage
deno,83bb8d578050,trufflehog,GitHubOauth2,,tests/registry/npm/yargs/yargs-15.4.1.tgz,164,REDACTED,31a4b7556123a835fd5bf91ca21abf4f4fe0eb0097e3cfc63d3923d3882722d2,UNKNOWN,archive member not identified by source metadata; outer archive path + member-relative line is insufficient for reproducible triage
deno,83bb8d578050,trufflehog,GitHubOauth2,,tests/registry/npm/yargs/yargs-15.4.1.tgz,164,REDACTED,c2f0d0b7efdd2c00144ee09688e58d510753cdff40b3f9613ae3d6b4dd09b359,UNKNOWN,archive member not identified by source metadata; outer archive path + member-relative line is insufficient for reproducible triage
deno,83bb8d578050,trufflehog,GitHubOauth2,,tests/registry/npm/yargs/yargs-15.4.1.tgz,164,REDACTED,026c83cddb6f728fbedc01f4b8f27c6b938d6ad05a0d876fb8d674a2a21b99aa,UNKNOWN,archive member not identified by source metadata; outer archive path + member-relative line is insufficient for reproducible triage
deno,83bb8d578050,trufflehog,GitHubOauth2,,tests/registry/npm/yargs/yargs-15.4.1.tgz,164,REDACTED,5351f5657ff8ee75b12e376f763e5079475b41694de672acd6ea29b9779ed975,UNKNOWN,archive member not identified by source metadata; outer archive path + member-relative line is insufficient for reproducible triage
deno,83bb8d578050,trufflehog,GitHubOauth2,,tests/registry/npm/yargs/yargs-15.4.1.tgz,164,REDACTED,8d213a65b8f3483427d82c1bd2d8c52ca20d53e11de2d567ee2f747ec2aa74e8,UNKNOWN,archive member not identified by source metadata; outer archive path + member-relative line is insufficient for reproducible triage
deno,83bb8d578050,trufflehog,GitHubOauth2,,tests/registry/npm/yargs/yargs-15.4.1.tgz,164,REDACTED,1037464fd08588135f771fa51b306684e3a0d83627cd5f8d66fadb9f053f4169,UNKNOWN,archive member not identified by source metadata; outer archive path + member-relative line is insufficient for reproducible triage
deno,83bb8d578050,trufflehog,GitHubOauth2,,tests/registry/npm/yargs/yargs-15.4.1.tgz,164,REDACTED,8300ccda3a56c10f747835374f647412d360fb5ea11a0bdd10acfdcb773c5ddf,UNKNOWN,archive member not identified by source metadata; outer archive path + member-relative line is insufficient for reproducible triage
deno,83bb8d578050,trufflehog,GitHubOauth2,,tests/registry/npm/yargs/yargs-15.4.1.tgz,164,REDACTED,b67ef802d81452f230c224256d78c7ecadc7404216ebcdc74a8e35ce598320bb,UNKNOWN,archive member not identified by source metadata; outer archive path + member-relative line is insufficient for reproducible triage
deno,83bb8d578050,trufflehog,GitHubOauth2,,tests/registry/npm/yargs/yargs-15.4.1.tgz,164,REDACTED,8b80125e79929b82eb1224b3db13b387efb77dad6b3d56af5fbee3d6332edec0,UNKNOWN,archive member not identified by source metadata; outer archive path + member-relative line is insufficient for reproducible triage
deno,83bb8d578050,trufflehog,GitHubOauth2,,tests/registry/npm/yargs/yargs-15.4.1.tgz,164,REDACTED,690a66cb6f25949c035d0cbbc4c4b7bf8b30eff518eba0dad10495a13c40a438,UNKNOWN,archive member not identified by source metadata; outer archive path + member-relative line is insufficient for reproducible triage
deno,83bb8d578050,trufflehog,GitHubOauth2,,tests/registry/npm/yargs/yargs-15.4.1.tgz,164,REDACTED,096948ac692bf2b9a3b04107943660137de2df3c2679d865166cf48c01317b53,UNKNOWN,archive member not identified by source metadata; outer archive path + member-relative line is insufficient for reproducible triage
deno,83bb8d578050,trufflehog,GitHubOauth2,,tests/registry/npm/yargs/yargs-15.4.1.tgz,164,REDACTED,98b509b5f53ae3f61e16820461e0c8177acbd8a350b9c0eb3bae316ded04342a,UNKNOWN,archive member not identified by source metadata; outer archive path + member-relative line is insufficient for reproducible triage
deno,83bb8d578050,trufflehog,GitHubOauth2,,tests/registry/npm/yargs/yargs-15.4.1.tgz,164,REDACTED,2c28636e436172dc80b9df0f6c8e68c09115b31ebfe99850a89d3d376ce33569,UNKNOWN,archive member not identified by source metadata; outer archive path + member-relative line is insufficient for reproducible triage
deno,83bb8d578050,trufflehog,GitHubOauth2,,tests/registry/npm/yargs/yargs-15.4.1.tgz,164,REDACTED,71c39f882f6bbaa5290f1f058df809e4c84cf6f500771ff0b50d7210ca37f3bf,UNKNOWN,archive member not identified by source metadata; outer archive path + member-relative line is insufficient for reproducible triage
deno,83bb8d578050,trufflehog,GitHubOauth2,,tests/registry/npm/yargs/yargs-15.4.1.tgz,164,REDACTED,2c3dc877ce308b58eef7b2dfeed3af7f8d3f1fd99956075db1597b4de2d877f2,UNKNOWN,archive member not identified by source metadata; outer archive path + member-relative line is insufficient for reproducible triage
deno,83bb8d578050,trufflehog,GitHubOauth2,,tests/registry/npm/yargs/yargs-15.4.1.tgz,164,REDACTED,afb230ab876d75924b249f5687e5f450e8cfb99faaadfb67c8d913c58be5238b,UNKNOWN,archive member not identified by source metadata; outer archive path + member-relative line is insufficient for reproducible triage
deno,83bb8d578050,trufflehog,GitHubOauth2,,tests/registry/npm/yargs/yargs-15.4.1.tgz,164,REDACTED,8ee336f3e496b44a43454b8f5e418ce61f526348e01663806542d4ca32ff1b9e,UNKNOWN,archive member not identified by source metadata; outer archive path + member-relative line is insufficient for reproducible triage
deno,83bb8d578050,trufflehog,GitHubOauth2,,tests/registry/npm/yargs/yargs-15.4.1.tgz,164,REDACTED,87590066d49a158fc5e4c801351fc5fc0327492d09dd77f52bf85756741e020b,UNKNOWN,archive member not identified by source metadata; outer archive path + member-relative line is insufficient for reproducible triage
deno,83bb8d578050,trufflehog,GitHubOauth2,,tests/registry/npm/yargs/yargs-15.4.1.tgz,164,REDACTED,deeba33b2cab2b658eedead8f898c61e8f6f5e2efb263216f5b899d463bbddaa,UNKNOWN,archive member not identified by source metadata; outer archive path + member-relative line is insufficient for reproducible triage
deno,83bb8d578050,trufflehog,GitHubOauth2,,tests/registry/npm/yargs/yargs-15.4.1.tgz,164,REDACTED,f7d5ece5a6ec20042e18378846eca37aea0a3e4e86a80d0ff308f39842d3646b,UNKNOWN,archive member not identified by source metadata; outer archive path + member-relative line is insufficient for reproducible triage
deno,83bb8d578050,trufflehog,GitHubOauth2,,tests/registry/npm/yargs/yargs-15.4.1.tgz,164,REDACTED,1fd06e8d4929a18deb8319da607842327150263b51bc7c1feea60026ad23ef41,UNKNOWN,archive member not identified by source metadata; outer archive path + member-relative line is insufficient for reproducible triage
deno,83bb8d578050,trufflehog,GitHubOauth2,,tests/registry/npm/yargs/yargs-15.4.1.tgz,164,REDACTED,cbd4d9ff201726469a84501c94c201ddf70a3eb7a6820cad758ec20c39dd9f53,UNKNOWN,archive member not identified by source metadata; outer archive path + member-relative line is insufficient for reproducible triage
deno,83bb8d578050,trufflehog,GitHubOauth2,,tests/registry/npm/yargs/yargs-15.4.1.tgz,164,REDACTED,8f5ade00c8283eacdb779a12541d27b1517c599680782bce8cb7a5c762e466fc,UNKNOWN,archive member not identified by source metadata; outer archive path + member-relative line is insufficient for reproducible triage
deno,83bb8d578050,trufflehog,GitHubOauth2,,tests/registry/npm/yargs/yargs-15.4.1.tgz,164,REDACTED,f6c3965a9f02b41d8c433ec19be24a32fc6f03bf6b51d06b3f7d7b848ed5ad15,UNKNOWN,archive member not identified by source metadata; outer archive path + member-relative line is insufficient for reproducible triage
deno,83bb8d578050,trufflehog,GitHubOauth2,,tests/registry/npm/yargs/yargs-15.4.1.tgz,164,REDACTED,499a3d56cfd540502f6de302ae66eae0a918c1e00d96222e62330422ac8c15ae,UNKNOWN,archive member not identified by source metadata; outer archive path + member-relative line is insufficient for reproducible triage
deno,83bb8d578050,trufflehog,GitHubOauth2,,tests/registry/npm/yargs/yargs-15.4.1.tgz,164,REDACTED,d9dad3be84c4e89a6ac477a66ea18dcbcddb8d45668390377c30a470fe0b8e65,UNKNOWN,archive member not identified by source metadata; outer archive path + member-relative line is insufficient for reproducible triage
deno,83bb8d578050,trufflehog,GitHubOauth2,,tests/registry/npm/yargs/yargs-15.4.1.tgz,164,REDACTED,88456c1a1e8eeb988833d699d5c3869e0c4e7d0c6980bd0504988f2f910db907,UNKNOWN,archive member not identified by source metadata; outer archive path + member-relative line is insufficient for reproducible triage
deno,83bb8d578050,trufflehog,PrivateKey,,tests/registry/npm/ssh2/ssh2-1.11.0.tgz,1,REDACTED,79feabedbb98e94636c3b983735cbb929c2e2f6beec737b730260c4a6aae52af,UNKNOWN,archive member not identified by source metadata; outer archive path + member-relative line is insufficient for reproducible triage
deno,83bb8d578050,trufflehog,PrivateKey,,tests/registry/npm/ssh2/ssh2-1.11.0.tgz,1,REDACTED,e4f70ca00b753151a334cede8920fee75bcae49bd0324aa7b29eaf2195b38395,UNKNOWN,archive member not identified by source metadata; outer archive path + member-relative line is insufficient for reproducible triage
deno,83bb8d578050,trufflehog,PrivateKey,,tests/registry/npm/ssh2/ssh2-1.11.0.tgz,1,REDACTED,994d0d1cd4b657f9f20a45a72996939b2a9ff0f79b705f4cf197085595705ad0,UNKNOWN,archive member not identified by source metadata; outer archive path + member-relative line is insufficient for reproducible triage
deno,83bb8d578050,trufflehog,PrivateKey,,tests/specs/node/tls_happy_eyeballs/localhost.key,1,REDACTED,be866673d8c8a52bc6b9d2795564f3ff0204cde1f6d9d601062f75a9e7fe0207,TP,private key material (test fixture)
deno,83bb8d578050,trufflehog,PrivateKey,,tests/specs/npm/npmrc_certfile/client.key,1,REDACTED,535723305d97b6ab8daefeecd062b654dfd51068124185030bf8ad5de1ac39f8,TP,private key material (test fixture)
deno,83bb8d578050,trufflehog,URI,,tests/specs/run/_079_location_authentication/__test__.jsonc,2,REDACTED,114057784c13a3e886d5c79cf434eb321a9669c7a0650bdbe306f6cfec58bfe0,FP,credential in URL is a literal placeholder
deno,83bb8d578050,trufflehog,PrivateKey,,tests/specs/run/tls_connecttls/localhost.key,1,REDACTED,06ba1892097cff15d72edbdecb9b9938366fb2f80a40561d9b90909cfb3024f2,TP,private key material (test fixture)
deno,83bb8d578050,trufflehog,PrivateKey,,tests/specs/run/tls_starttls/localhost.key,1,REDACTED,8b826330caca97bc4a1d9f1282c1ad9353de3e5a5a19886d859dd0190dd1357f,TP,private key material (test fixture)
deno,83bb8d578050,trufflehog,PrivateKey,,tests/testdata/tls/RootCA.key,1,REDACTED,39f1f8280e2d0a4fbe0c4932e69fd31e2f421567b59b1ddd89a85faff554f0d6,TP,private key material (test fixture)
deno,83bb8d578050,trufflehog,PrivateKey,,tests/testdata/tls/localhost_ecc.key,1,REDACTED,8d4d91a9ed8f61af1d0786e8345ebd409f6f2d18e07f491349e8e25f52889999,TP,private key material (test fixture)
deno,83bb8d578050,trufflehog,PrivateKey,,tests/testdata/tls/self-signed-hostname.key,1,REDACTED,abf2cc353df2127b3ae661df8bcf36c3478fbbd3a43a5e9149e7842e3f74e45d,TP,private key material (test fixture)
deno,83bb8d578050,trufflehog,PrivateKey,,tests/testdata/tls/localhost.key,1,REDACTED,9c309bdc8202b4cd51e252530468af598914d11f2397a14e047268d903229314,TP,private key material (test fixture)
deno,83bb8d578050,trufflehog,PrivateKey,,tests/testdata/webcrypto/id_rsaEncryption.pem,1,REDACTED,d6ad4437cffc60a81aed0fbda1d74c2cf12a5b687354a7316e603d306ac8d5eb,TP,private key material (test fixture)
deno,83bb8d578050,trufflehog,URI,,tests/unit/fetch_test.ts,2355,REDACTED,24143f8131bb2a6d3c7f8bb8405c62ff1d0725afc67e9581754d17422952ba1d,FP,credential in URL is a literal placeholder
deno,83bb8d578050,trufflehog,URI,,tests/unit/url_test.ts,183,REDACTED,693ba8692aad1a33251a31fb26a8d4d1c2dba3bd1cf7607535baedd726c79975,FP,credential in URL is a literal placeholder
deno,83bb8d578050,trufflehog,URI,,tests/unit/url_test.ts,188,REDACTED,c8f9330ee2a8341694788e5d3dff5b5d2c2940cec04ff01e8a5d355258285de0,FP,credential in URL is a literal placeholder
deno,83bb8d578050,trufflehog,URI,,tests/unit/url_test.ts,74,REDACTED,3674aa48458ad547d43fc2ccc9ca27cae4a8efc210ae199c2bd83673cb8f64ae,FP,credential in URL is a literal placeholder
deno,83bb8d578050,trufflehog,URI,,tests/unit/url_test.ts,178,REDACTED,7e668ff15c1e93b18d83306e4e18ca5a4b0aa38ffcf658ce3fb226d248f41972,FP,credential in URL is a literal placeholder
deno,83bb8d578050,trufflehog,URI,,tests/unit/url_test.ts,307,REDACTED,82e14933032626e305fea85edc41d37ae4c077f3d1b0b649055780e724febf97,FP,credential in URL is a literal placeholder
deno,83bb8d578050,trufflehog,URI,,tests/unit/url_test.ts,11,REDACTED,f6bb70e0f2c5381288128e9a3914fcdbf4823d2672fd3a5bbb9a14c3a6f6ef76,FP,credential in URL is a literal placeholder
deno,83bb8d578050,trufflehog,URI,,tests/unit/url_test.ts,200,REDACTED,7d557917754dcc581d53084a8b49acd5310044649caf360d61cf348614a9b6f0,FP,credential in URL is a literal placeholder / URL-parser test vector
deno,83bb8d578050,trufflehog,URI,,tests/unit/url_test.ts,218,REDACTED,b80b6b4aa80192c8f70bb87deabba71b34b70d677b6518a4d96bab4117f094f9,FP,literal placeholder
deno,83bb8d578050,trufflehog,URI,,tests/unit/url_test.ts,173,REDACTED,2d8c700925b7a4aa2c5a1844d2534813b25ef6880e4e42a83f65ff7c9096a12d,FP,credential in URL is a literal placeholder
deno,83bb8d578050,trufflehog,URI,,tests/unit/url_test.ts,183,REDACTED,a2547cc7852133934151ecbb6829dd1d842e61fe7b79e2ed2ea1f206087d15c4,FP,credential in URL is a literal placeholder
deno,83bb8d578050,trufflehog,URI,,tests/unit/url_test.ts,183,REDACTED,c90b5cb2074f9da104a0c4147f178e990fbb7dac291c57e9b39817c7cbe4c56b,FP,credential in URL is a literal placeholder
deno,83bb8d578050,trufflehog,URI,,tests/unit/url_test.ts,188,REDACTED,8ffe87ce30009edc966163ae4e1f934dd91add9ed5f1982588ee6e3357f20c37,FP,credential in URL is a literal placeholder
deno,83bb8d578050,trufflehog,URI,,tests/unit/url_test.ts,193,REDACTED,e1ae51b52ae9865e0fc2898d21b343eb598c8b37590d61df76d3ebe5eb4a5f4b,FP,credential in URL is a literal placeholder
deno,83bb8d578050,trufflehog,URI,,tests/unit/url_test.ts,306,REDACTED,dd2a78dc8b3c388ff298b6ce7495eee538944974535887c3aa3b588086324302,FP,credential in URL is a literal placeholder
deno,83bb8d578050,trufflehog,URI,,tests/unit/url_test.ts,593,REDACTED,06caa34403aef71c126790571036daacd88fb817fa0c195edbe65ad92353b62a,FP,credential in URL is a literal placeholder
deno,83bb8d578050,trufflehog,PrivateKey,,tests/unit_node/crypto/testdata/asymmetric/rsa_2048.pkcs8.pem,1,REDACTED,7e3b84fc7a9e9a056bd288c2c8ac158c02573abbaf084bbad00cda68b3e5fd69,TP,private key material (test fixture)
deno,83bb8d578050,trufflehog,PrivateKey,,tests/unit_node/crypto/testdata/asymmetric/rsa_3072.pkcs8.pem,1,REDACTED,65d15de452f1e41a97a6aecd6dfae12ddd9856d49cd1fbd96523a6e06a3ddfd0,TP,private key material (test fixture)
deno,83bb8d578050,trufflehog,PrivateKey,,tests/unit_node/crypto/ec_private_secp256r1.pem,1,REDACTED,ecdab0f2a03abf9d6a011ad9d9e7a9c2c53378f14a327c783c06bb95c0efdd19,TP,private key material (test fixture)
deno,83bb8d578050,trufflehog,PrivateKey,,tests/unit_node/crypto/crypto_sign_test.ts,143,REDACTED,68c3fd51dbc7f2a54cf84f00cb395256fa4596a479a7c89fcb3b433e1ae6e020,TP,private key material (test fixture)
deno,83bb8d578050,trufflehog,PrivateKey,,tests/unit_node/crypto/crypto_key_test.ts,794,REDACTED,e2671619db8d85bc42cacbcbb6b8f62f754d6a1e8dc4006ff46499ee5baa283c,TP,private key material (test fixture)
deno,83bb8d578050,trufflehog,PrivateKey,,tests/unit_node/crypto/crypto_key_test.ts,1207,REDACTED,3c7ad16ffc3111da80a01bea902157ad5181cced209742b038e79c60edcefc6c,TP,private key block committed to the repo (test fixture)
deno,83bb8d578050,trufflehog,PrivateKey,,tests/unit_node/crypto/crypto_key_test.ts,1204,REDACTED,32ac163be88e572b18373b1e3e0354f516effe5a97dfbda2a7a4a2216d04a263,TP,private key material (test fixture)
deno,83bb8d578050,trufflehog,URI,,tests/unit_node/http_test.ts,4008,REDACTED,fd88e5e79e0e9ad00400397b3c609612a2786e016e9ddca12e9a5763b0c4813d,FP,literal placeholder
deno,83bb8d578050,trufflehog,PrivateKey,,tests/unit_node/crypto/crypto_key_test.ts,530,REDACTED,a36968dc9565769a393d288155eac96434a0cb765228b2eaca756be07fd7ed40,TP,private key material (test fixture)
deno,83bb8d578050,trufflehog,PrivateKey,,tests/unit_node/testdata/rsa_private_pkcs1.pem,1,REDACTED,ad5936712730584356d906504e8465b0c06898f2e22c61de8cf19f1444f571f7,TP,private key material (test fixture)
deno,83bb8d578050,trufflehog,PrivateKey,,tests/unit_node/testdata/rsa_private.pem,1,REDACTED,af0267013baee57aa86e7e08512f079569a61bfad4ff11d8055f3d55ff12c12a,TP,private key material (test fixture)
deno,83bb8d578050,trufflehog,PrivateKey,,tests/wpt/runner/certs/web-platform.test.key,1,REDACTED,d7602073d67b7f843390f4cfa922aa1205b98f3b802b1762f207cd86904d7a48,TP,private key material (test fixture)
deno,83bb8d578050,trufflehog,URI,,tests/unit_node/url_test.ts,114,REDACTED,7d347a3e01c20dbb3567a728b1e5cce4f74fa73d044c5375dfc5c4207ab0c10a,FP,credential in URL is a literal placeholder
deno,83bb8d578050,trufflehog,URI,,tests/unit_node/url_test.ts,50,REDACTED,9797d2951b7749df5f2c1ada8dfb038f1e73d00d5ce91af2b3834b3eb63380a4,FP,literal placeholder
deno,83bb8d578050,trufflehog,URI,,tests/unit_node/url_test.ts,64,REDACTED,96a64ff248ea17e7e047351d3c1615d4b264749c4a5e82fb51b9c61c7b5c5ab9,FP,literal placeholder
deno,83bb8d578050,trufflehog,URI,,tests/unit_node/url_test.ts,80,REDACTED,af559160c2c36481f3960b2ccb31335996f02fc44c803ef04bad85502eb14d69,FP,credential in URL is a literal placeholder
deno,83bb8d578050,trufflehog,URI,,tests/wpt/runner/expectations/url.json,803,REDACTED,fb61bf476d3a873986abfbb95b02780dfbafb6734de57b674a505dbbeb380459,FP,credential in URL is a literal placeholder
deno,83bb8d578050,trufflehog,URI,,tests/wpt/runner/expectations/url.json,801,REDACTED,9f699e0da1575f20d975b7db4d775f2839585083680d31ec1c3b5c499abb12a4,FP,credential in URL is a literal placeholder
deno,83bb8d578050,trufflehog,URI,,tests/wpt/runner/expectations/url.json,787,REDACTED,c7e0023dc8c2f57124930c18300c7a3edd161d353ac9a2449463dcc7ab78e2db,FP,credential in URL is a literal placeholder
deno,83bb8d578050,trufflehog,URI,,tests/wpt/runner/expectations/url.json,783,REDACTED,751513433eb46cf125bf4ca5721fbcd085a572926f7278ea0ea7c1bd2ac78241,FP,credential in URL is a literal placeholder / URL-parser test vector
deno,83bb8d578050,trufflehog,URI,,tests/wpt/runner/expectations/url.json,2239,REDACTED,b3be8ee7849c3e09ab65fb98e25adfc3749d34c39043f0e1c4f7153702181373,FP,credential in URL is a literal placeholder
deno,83bb8d578050,trufflehog,URI,,tests/wpt/runner/expectations/url.json,1826,REDACTED,f46b75b7b446bad9c87cd46aaf7e47e9b55de0aaa1c59f4673fa14ec9b122e49,FP,credential in URL is a literal placeholder
deno,83bb8d578050,trufflehog,URI,,tests/wpt/runner/expectations/url.json,1362,REDACTED,919fb98bdf57a23b744536fc7819458b71b62d1d5e179ac6f2c8386d859327c0,FP,credential in URL is a literal placeholder
deno,83bb8d578050,trufflehog,URI,,tests/wpt/runner/expectations/url.json,1499,REDACTED,01c0696f0e646100f82dfe57b75f3db7179f4e8ea6dac8460df7160043797c30,FP,credential in URL is a literal placeholder / URL-parser test vector
deno,83bb8d578050,trufflehog,URI,,tests/wpt/runner/expectations/url.json,1500,REDACTED,fbf9f16004f46cfdb62edb29f9650d54082c03e9c1fc5ffd6493492c98a76156,FP,credential in URL is a literal placeholder / URL-parser test vector
deno,83bb8d578050,trufflehog,URI,,tests/wpt/runner/expectations/url.json,1841,REDACTED,a8ec6218fdfc1a6bc0e396e4d45f8206eb16835ce90548ac688a9296870dae02,FP,credential in URL is a literal placeholder
deno,83bb8d578050,trufflehog,URI,,tests/wpt/runner/expectations/url.json,1956,REDACTED,5b29a888bdf48781a90d90d229d80f1b51bb4a854c53cc0789c3b56fbc520684,FP,URL-parser test vector in WPT expectations
deno,83bb8d578050,trufflehog,URI,,tests/wpt/runner/expectations/url.json,1605,REDACTED,802e4027786d3860d9072de9a591be05419685d985f28193079eea1f86508220,FP,credential in URL is a literal placeholder
deno,83bb8d578050,trufflehog,Redis,,tests/wpt/runner/expectations/url.json,1679,REDACTED,de2b79a5045c5a46c22f464b5a4f76d00075eeaf06bc0353b77d847e248029bc,FP,literal placeholder
deno,83bb8d578050,trufflehog,Redis,,tests/wpt/runner/expectations/url.json,2402,REDACTED,a933aa154f071ac0db1a1a8e1c32784bc7a4f7d5ef9642e4878436908d916e94,FP,literal placeholder
deno,83bb8d578050,trufflehog,PrivateKey,,tests/registry/npm/ssh2/ssh2-1.11.0.tgz,1,REDACTED,d4933affd6bca2abc95946160c4585beb4d1ceb182b7d9d381bd1e910c47d261,UNKNOWN,archive member not identified by source metadata; outer archive path + member-relative line is insufficient for reproducible triage
deno,83bb8d578050,trufflehog,PrivateKey,,tests/registry/npm/ssh2/ssh2-1.11.0.tgz,1,REDACTED,4f542bcfce7439881dcb3921c1c2937ce7d62e0d751bf4d32971cc770e2f0daa,UNKNOWN,archive member not identified by source metadata; outer archive path + member-relative line is insufficient for reproducible triage
deno,83bb8d578050,trufflehog,PrivateKey,,tests/registry/npm/ssh2/ssh2-1.11.0.tgz,1,REDACTED,cc0ef90873b9c982455263da199999546a778877b8a637194e80e95d1fa7d116,UNKNOWN,archive member not identified by source metadata; outer archive path + member-relative line is insufficient for reproducible triage
kubernetes,b2ec8b6fefac,trufflehog,PrivateKey,,cmd/kube-apiserver/app/testing/testdata/127.0.0.1_10.0.0.1_kubernetes.default.svc-kubernetes.default-kubernetes-localhost.key,1,REDACTED,19838838c720ec12077e2490b3f57ce9aad60a7ec7210302dee89a80fe68c167,TP,private key material (test fixture)
kubernetes,b2ec8b6fefac,trufflehog,PrivateKey,,cmd/kube-apiserver/app/testing/testserver.go,80,REDACTED,92bea9b916fc52b1b4301dfa822013f3d82a62fa5978115ace593cdacfa5ba34,TP,private key material (test fixture)
kubernetes,b2ec8b6fefac,trufflehog,PrivateKey,,cmd/kubeadm/app/preflight/checks_test.go,122,REDACTED,1af5aa70978fff30603995a22b91bfa8789a76d9e217ffe5178b220772a549ea,TP,private key material (test fixture)
kubernetes,b2ec8b6fefac,trufflehog,PrivateKey,,cmd/kubeadm/app/preflight/checks_test.go,126,REDACTED,973ac501655402e1c2a72b97c0cb720b47c7b2f76b07b03102421d64fb7caece,TP,private key block committed to the repo (test fixture)
kubernetes,b2ec8b6fefac,trufflehog,PrivateKey,,cmd/kubeadm/app/util/pkiutil/testing/testdata/15.rsa.key,1,REDACTED,b12351bb91af6c9edb32b918bd86b4e9aa934ab9a62a750e452c452cd77f809c,TP,private key material (test fixture)
kubernetes,b2ec8b6fefac,trufflehog,PrivateKey,,cmd/kubeadm/app/util/pkiutil/testing/testdata/1.rsa.key,1,REDACTED,3161484e6fab17985cb6ecbdd1db3da5b8edd9f575b5c6fd84680091e72f3e3f,TP,private key material (test fixture)
kubernetes,b2ec8b6fefac,trufflehog,PrivateKey,,cmd/kubeadm/app/util/pkiutil/testing/testdata/2.rsa.key,1,REDACTED,837e7ab8f03bd9dec470dba3ab900e95e569558705e67853a31b97d5771aa71b,TP,private key material (test fixture)
kubernetes,b2ec8b6fefac,trufflehog,PrivateKey,,cmd/kubeadm/app/util/pkiutil/testing/testdata/10.rsa.key,1,REDACTED,41e44cf86bd8c6ac787a03531d7e5705959793eee58b00babc55fc7f4e3c03d3,TP,private key material (test fixture)
kubernetes,b2ec8b6fefac,trufflehog,PrivateKey,,cmd/kubeadm/app/util/pkiutil/testing/testdata/3.rsa.key,1,REDACTED,0c1a4c965649bd263cf5fd38de01c26e56d41335495b96260eb96fff07974be7,TP,private key material (test fixture)
kubernetes,b2ec8b6fefac,trufflehog,PrivateKey,,cmd/kubeadm/app/util/pkiutil/testing/testdata/12.rsa.key,1,REDACTED,3e335cb51693485d4a58a7f900e37a1bd1d19933aaadceb15f972eadb2e712ce,TP,private key material (test fixture)
kubernetes,b2ec8b6fefac,trufflehog,PrivateKey,,cmd/kubeadm/app/util/pkiutil/testing/testdata/21.rsa.key,1,REDACTED,b4a88b45d6a77b402f07f80762099f395e8320e1a1d2acffe0fb37a404c80d42,TP,private key material (test fixture)
kubernetes,b2ec8b6fefac,trufflehog,PrivateKey,,cmd/kubeadm/app/util/pkiutil/testing/testdata/17.rsa.key,1,REDACTED,e60d2ea939545e69b063676f5406466f2d930048b5ca4d2b06aa0bbdc79dca76,TP,private key material (test fixture)
kubernetes,b2ec8b6fefac,trufflehog,PrivateKey,,cmd/kubeadm/app/util/pkiutil/testing/testdata/16.rsa.key,1,REDACTED,1f9d4fc0e3f2649859b8951606d8d5414e88a5dd632adc2d20b8c312c6d3740a,TP,private key material (test fixture)
kubernetes,b2ec8b6fefac,trufflehog,PrivateKey,,cmd/kubeadm/app/util/pkiutil/testing/testdata/18.rsa.key,1,REDACTED,1920b5479c62a41cc48d0a706da444bda6ad8771ed227fd02be8cc2ffa07524d,TP,private key material (test fixture)
kubernetes,b2ec8b6fefac,trufflehog,PrivateKey,,cmd/kubeadm/app/util/pkiutil/testing/testdata/13.rsa.key,1,REDACTED,072614da318f66abce4b39f8d1b1810e914a33d55623be59115542f3ecf414ab,TP,private key material (test fixture)
kubernetes,b2ec8b6fefac,trufflehog,PrivateKey,,cmd/kubeadm/app/util/pkiutil/testing/testdata/8.rsa.key,1,REDACTED,20f7b7a8542f11faff894a1f7cce2075a840ca450256d8704828796363ad8c7e,TP,private key material (test fixture)
kubernetes,b2ec8b6fefac,trufflehog,PrivateKey,,cmd/kubeadm/app/util/pkiutil/testing/testdata/23.rsa.key,1,REDACTED,c0409465bae5a95a8b309348ba0931a58fd2832b706a9361294cbc0a61599bfd,TP,private key material (test fixture)
kubernetes,b2ec8b6fefac,trufflehog,PrivateKey,,cmd/kubeadm/app/util/pkiutil/testing/testdata/22.rsa.key,1,REDACTED,73666cf3d0554818676dabb17bf8cbc6a6ca3dd296a3c69bedaf9f36b4c30966,TP,private key material (test fixture)
kubernetes,b2ec8b6fefac,trufflehog,PrivateKey,,cmd/kubeadm/app/util/pkiutil/testing/testdata/14.rsa.key,1,REDACTED,b2197610c282ed3bcaababda21d510109c8f54df3405f3a266809d9d6f3ead48,TP,private key material (test fixture)
kubernetes,b2ec8b6fefac,trufflehog,PrivateKey,,cmd/kubeadm/app/util/pkiutil/testing/testdata/11.rsa.key,1,REDACTED,00b020ac18a834ec436f8a31473cdc095754bc6c52fdd70d991cd7273f36eb25,TP,private key material (test fixture)
kubernetes,b2ec8b6fefac,trufflehog,PrivateKey,,cmd/kubeadm/app/util/pkiutil/testing/testdata/19.rsa.key,1,REDACTED,2fe10a5fc59fa16a69e423e037332a648bbc5114b98da3c8fb559540234eacf1,TP,private key material (test fixture)
kubernetes,b2ec8b6fefac,trufflehog,PrivateKey,,cmd/kubeadm/app/util/pkiutil/testing/testdata/6.rsa.key,1,REDACTED,b47a4ddcd48c8ed6a07e0cd6f86738d1b5b094b8664322412a0df69b8c4a1b61,TP,private key material (test fixture)
kubernetes,b2ec8b6fefac,trufflehog,PrivateKey,,cmd/kubeadm/app/util/pkiutil/testing/testdata/25.rsa.key,1,REDACTED,511c8a703f8b2fe547a397991b2aafc48c3694311f81aed940e016527f81c73e,TP,private key material (test fixture)
kubernetes,b2ec8b6fefac,trufflehog,PrivateKey,,cmd/kubeadm/app/util/pkiutil/testing/testdata/7.rsa.key,1,REDACTED,e68b3137927f31fdb622d466d8afe52e222fb55d8111720a19cfe545e7310eef,TP,private key material (test fixture)
kubernetes,b2ec8b6fefac,trufflehog,PrivateKey,,cmd/kubeadm/app/util/pkiutil/testing/testdata/24.rsa.key,1,REDACTED,8532cd245c650844e0ed1d2ef76c06738904554edc4b4b0c6144f24186e0ebaf,TP,private key material (test fixture)
kubernetes,b2ec8b6fefac,trufflehog,PrivateKey,,cmd/kubeadm/app/util/pkiutil/testing/testdata/20.rsa.key,1,REDACTED,9b583a03845dce80157d35a195039968513d33718cac378a9be93759aaa03858,TP,private key material (test fixture)
kubernetes,b2ec8b6fefac,trufflehog,PrivateKey,,cmd/kubeadm/app/util/pkiutil/testing/testdata/5.rsa.key,1,REDACTED,f9bcd66d22109e85580b1ab53e6ff3b71081139021934bb3d89105d0dedc6a0d,TP,private key material (test fixture)
kubernetes,b2ec8b6fefac,trufflehog,PrivateKey,,cmd/kubeadm/app/util/pkiutil/testing/testdata/4.rsa.key,1,REDACTED,4c8baf38e82139210351cac99ab364d3353248647825aa665fee9a23c0936de4,TP,private key material (test fixture)
kubernetes,b2ec8b6fefac,trufflehog,PrivateKey,,cmd/kubeadm/app/util/pkiutil/testing/testdata/9.rsa.key,1,REDACTED,01d651c29ed1b743e2080a338e378502a4d6cd9ab51eb178290bdb3297f74704,TP,private key material (test fixture)
kubernetes,b2ec8b6fefac,trufflehog,PrivateKey,,hack/testdata/auth/testuser.key,4,REDACTED,057ff7c251cfff60df73d98624d242b4b8fdb9caaa6526983ed325beaca638b5,TP,private key material (test fixture)
kubernetes,b2ec8b6fefac,trufflehog,PrivateKey,,hack/testdata/ca/ca.key,4,REDACTED,ca858895db4c4ac20521393942b9ffe9bb7903513ed9eabe48faf6ca839c81c0,TP,private key material (test fixture)
kubernetes,b2ec8b6fefac,trufflehog,PrivateKey,,hack/testdata/tls.key,1,REDACTED,5f9b763dcf950dbf151f4b50e4f61afc840fda828b01f992f00cc8ad675ae58b,TP,private key material (test fixture)
kubernetes,b2ec8b6fefac,trufflehog,PrivateKey,,pkg/controller/certificates/signer/testdata/ca.key,1,REDACTED,c18b5e7f88db607075a8ccd33665b5d53d58ea81c155509dba3d0f92ba933cd3,TP,private key material (test fixture)
kubernetes,b2ec8b6fefac,trufflehog,PrivateKey,,pkg/controlplane/apiserver/samples/generic/server/testing/testserver.go,59,REDACTED,433f5164e2493650e3ec7fbc2e26c5f8feb4e7e32bf2331e33439a7b876a9298,TP,private key material (test fixture)
kubernetes,b2ec8b6fefac,trufflehog,PrivateKey,,pkg/controlplane/apiserver/samples/generic/server/testing/testdata/127.0.0.1__localhost.key,1,REDACTED,20439e1f9001c192a3afbbcbebe3dc12ef92d78cebf636babb635c95e9660db8,TP,private key material (test fixture)
kubernetes,b2ec8b6fefac,trufflehog,Docker,,pkg/credentialprovider/config_test.go,142,REDACTED,27ad7c4ac8104367608e68e7ea2928f0a2aa457a4f390224ba92c5e493e3a445,FP,literal placeholder
kubernetes,b2ec8b6fefac,trufflehog,Docker,,pkg/credentialprovider/config_test.go,1,REDACTED,394625593e48128153c81fed1650a4e27fc2e5ce4509cca863311ada77afbedc,FP,docker auth values in this file are literal placeholders
kubernetes,b2ec8b6fefac,trufflehog,Docker,,pkg/credentialprovider/config_test.go,33,REDACTED,0d64b76427eddea9a2feaabb2cc38121db30770bfaa16af58ff66f9dc7a8c35e,FP,long identifier or type name
kubernetes,b2ec8b6fefac,trufflehog,Docker,,pkg/credentialprovider/secrets/secrets_test.go,176,REDACTED,4a79ffd3d0e3e84bb9be2b9447477535567f3ed0f9930df1a0a3c5bd6b9169e9,FP,literal placeholder
kubernetes,b2ec8b6fefac,trufflehog,Docker,,pkg/credentialprovider/secrets/secrets_test.go,63,REDACTED,0a37610908e9adbf1b588c4cad6c8c06a954ad834f7c470577bc46d5c0b9278e,FP,literal placeholder
kubernetes,b2ec8b6fefac,trufflehog,Docker,,pkg/credentialprovider/secrets/secrets_test.go,91,REDACTED,c823d438c582af97a8a9cf615ab3bad63fd91c6c3c82827c38affdca17a629e0,FP,literal placeholder
kubernetes,b2ec8b6fefac,trufflehog,PrivateKey,,pkg/kubelet/certificate/transport_test.go,78,REDACTED,e2b89115e42375f5761689bde68ce4bb7d94761a974f2276768c067f7aec7cf8,TP,private key material (test fixture)
kubernetes,b2ec8b6fefac,trufflehog,PrivateKey,,pkg/kubelet/certificate/bootstrap/testdata/mycertinvalid.key,1,REDACTED,3ce6f62df636770e5295126889c5ef56aba0a588657ac922d6869b702ce782fa,TP,private key material (test fixture)
kubernetes,b2ec8b6fefac,trufflehog,PrivateKey,,pkg/kubelet/certificate/transport_test.go,51,REDACTED,7d7c806f69556f6901e4224fc537dc07f94ae67ea3ade80e6aac6777ea4d8b21,TP,private key material (test fixture)
kubernetes,b2ec8b6fefac,trufflehog,PrivateKey,,pkg/kubelet/client/testdata/mycertvalid.key,1,REDACTED,55f1eb2adc6fa4297e3451e49054df84390f7d65e5f13c3054d5152578d0d0e3,TP,private key material (test fixture)
kubernetes,b2ec8b6fefac,trufflehog,PrivateKey,,pkg/kubelet/client/testdata/myCA.key,1,REDACTED,bb015bac3dabce5728031b8929996d80e99100c7e81fbefb818fd82e68a4941b,TP,private key material (test fixture)
kubernetes,b2ec8b6fefac,trufflehog,PrivateKey,,pkg/serviceaccount/jwt_test.go,104,REDACTED,78412c42a7d091d6676f4c4472c72c3dfab7c5060ea7b97f515816f01cc8f00f,TP,private key material (test fixture)
kubernetes,b2ec8b6fefac,trufflehog,PrivateKey,,pkg/serviceaccount/jwt_test.go,73,REDACTED,03995c10d1019372fa64a2dd7603ba9d88744f2407cb6a72f6731a07144cf691,TP,private key material (test fixture)
kubernetes,b2ec8b6fefac,trufflehog,PrivateKey,,plugin/pkg/admission/imagepolicy/certs_test.go,112,REDACTED,84bfcf55fc789f88ebc710703bf68b1cd117ddf077bba87d6d050930b34eca5d,TP,private key material (test fixture)
kubernetes,b2ec8b6fefac,trufflehog,PrivateKey,,plugin/pkg/admission/imagepolicy/certs_test.go,64,REDACTED,6ab1213a6f0265a3d772ae76a7baf71fcfbd712766a491417c7d5c8d11a93195,TP,private key material (test fixture)
kubernetes,b2ec8b6fefac,trufflehog,URI,,staging/src/k8s.io/apiextensions-apiserver/pkg/apiserver/schema/cel/validation_test.go,1957,REDACTED,6b93157e45df076e0d57e15bbd4c5e63f1a86bfad87400ce134638ab490e960b,FP,literal placeholder
kubernetes,b2ec8b6fefac,trufflehog,URI,,staging/src/k8s.io/apiextensions-apiserver/pkg/apiserver/schema/cel/validation_test.go,1921,REDACTED,309a14b2be1f26bf1f0609bfe992acdecb5707b4133853fb7e8fbf83d1f88ff2,FP,credential in URL is a literal placeholder
kubernetes,b2ec8b6fefac,trufflehog,PrivateKey,,staging/src/k8s.io/apiextensions-apiserver/pkg/cmd/server/testing/testdata/localhost_127.0.0.1_localhost.key,1,REDACTED,71343db2fe290a2fbd063b73baec9a9d1ceadb3d74a9bac82c2a7acc6a41e8c7,TP,private key material (test fixture)
kubernetes,b2ec8b6fefac,trufflehog,PrivateKey,,staging/src/k8s.io/apiextensions-apiserver/test/integration/apiserver.local.config/certificates/apiserver.key,1,REDACTED,f2716e1116e77b8f499410b569a56688a10b9fa39db5335ab93c055246ff65bb,TP,private key material (test fixture)
kubernetes,b2ec8b6fefac,trufflehog,PrivateKey,,staging/src/k8s.io/apiextensions-apiserver/test/integration/conversion/webhook.go,236,REDACTED,67c2ab67531af3ef53089671beac581858294695318ef4c3d6277e81ce8cdabc,TP,private key material (test fixture)
kubernetes,b2ec8b6fefac,trufflehog,PrivateKey,,staging/src/k8s.io/apiextensions-apiserver/test/integration/conversion/webhook.go,237,REDACTED,5704e404c97837b717cdd27dbb4aef93c6db62820fcf7a7e657063d0ce083496,TP,private key material (test fixture)
kubernetes,b2ec8b6fefac,trufflehog,PrivateKey,,staging/src/k8s.io/apimachinery/pkg/util/proxy/dial_test.go,203,REDACTED,ce850000f3ff8d0c8aa182477de019d6f5afec3ab1a7c05c35d689a844b0f141,TP,private key material (test fixture)
kubernetes,b2ec8b6fefac,trufflehog,PrivateKey,,staging/src/k8s.io/apimachinery/pkg/util/proxy/upgradeaware_test.go,1236,REDACTED,a18a0c097030a58ed580ca1cadddce3b9b4935af47efeaad6fb4054389780042,TP,private key material (test fixture)
kubernetes,b2ec8b6fefac,trufflehog,PrivateKey,,staging/src/k8s.io/apimachinery/pkg/util/proxy/dial_test.go,204,REDACTED,b4cf55fd81f668059cdb0c1d016946f9497fbdea749890dbc1ac86d122dd2a87,TP,private key material (test fixture)
kubernetes,b2ec8b6fefac,trufflehog,PrivateKey,,staging/src/k8s.io/apimachinery/pkg/util/proxy/upgradeaware_test.go,1235,REDACTED,4cf196f9ede9d02906a19188639164cd690938e204876bb16aa297ebba493ca3,TP,private key material (test fixture)
kubernetes,b2ec8b6fefac,trufflehog,PrivateKey,,staging/src/k8s.io/apiserver/pkg/admission/plugin/webhook/testcerts/certs.go,169,REDACTED,0f6ad1656f238cac68598a3b8863277a89bfc789fb922fa38e25bda6e938101d,TP,private key material (test fixture)
kubernetes,b2ec8b6fefac,trufflehog,PrivateKey,,staging/src/k8s.io/apiserver/pkg/admission/plugin/webhook/testcerts/certs.go,22,REDACTED,09a321068295fd0bd8a76a761d895625967c3defc281596a344e1f19e6a8c2bf,TP,private key material (test fixture)
kubernetes,b2ec8b6fefac,trufflehog,PrivateKey,,staging/src/k8s.io/apiserver/pkg/admission/plugin/webhook/testcerts/certs.go,71,REDACTED,db94183941a4bb58480d5a3422578c4a9c3bcd23ffff3b9500162b89d8857d92,TP,private key material (test fixture)
kubernetes,b2ec8b6fefac,trufflehog,PrivateKey,,staging/src/k8s.io/apiserver/pkg/admission/plugin/webhook/testcerts/certs.go,120,REDACTED,5f658694d17540a68a327df270f69876fdfbd8036cc74ace47b5395741427aab,TP,private key material (test fixture)
kubernetes,b2ec8b6fefac,trufflehog,URI,,staging/src/k8s.io/apiserver/pkg/apis/apiserver/validation/validation_test.go,829,REDACTED,d49f80e9bd8ec3ceafc5f961f15a12141c2951a0bc5129940941f553a548636b,FP,credential in URL is a literal placeholder
kubernetes,b2ec8b6fefac,trufflehog,URI,,staging/src/k8s.io/apiserver/pkg/apis/apiserver/validation/validation_test.go,892,REDACTED,c91a01a4fd57f83fdb8afecf219861f29f4d7fbc74c90e55ba4fda3c07a2175e,FP,credential in URL is a literal placeholder
kubernetes,b2ec8b6fefac,trufflehog,URI,,staging/src/k8s.io/apiserver/pkg/apis/apiserver/validation/validation_test.go,891,REDACTED,610efcec1200638afca13e76fd0d49e0d6d7ec7cecaab1dc219a8a66c998ebd1,FP,credential in URL is a literal placeholder
kubernetes,b2ec8b6fefac,trufflehog,URI,,staging/src/k8s.io/apiserver/pkg/apis/apiserver/validation/validation_test.go,830,REDACTED,f9b9217179169b5cbae4515107e51f454e50bd06bf35a1724632ffde362a1f08,FP,credential in URL is a literal placeholder
kubernetes,b2ec8b6fefac,trufflehog,JWT,,staging/src/k8s.io/apiserver/pkg/authentication/token/cache/cached_token_authenticator_test.go,149,REDACTED,d31c791247674ddc0a123f7254d310b2834bf846777a2bb2432e0e69158f4cf6,TP,bearer token (test fixture)
kubernetes,b2ec8b6fefac,trufflehog,URI,,staging/src/k8s.io/apiserver/pkg/cel/library/urls.go,40,REDACTED,0ab3c674024b053e6ec245ec5dd3854ab0619e95860206c8d71f33f4c82e047b,FP,literal placeholder
kubernetes,b2ec8b6fefac,trufflehog,PrivateKey,,staging/src/k8s.io/apiserver/pkg/server/dynamiccertificates/tlsconfig_test.go,26,REDACTED,fa94a2bb78b5918fb3c6a240cfe1066f6e70538344a4825b3c80d88afb0784e1,TP,private key material (test fixture)
kubernetes,b2ec8b6fefac,trufflehog,PrivateKey,,staging/src/k8s.io/apiserver/pkg/server/filters/timeout_test.go,567,REDACTED,dc5a42f75faba6c2f863e6b2b162323209bc41fe008f57d03e24bace790a5457,TP,private key material (test fixture)
kubernetes,b2ec8b6fefac,trufflehog,PrivateKey,,staging/src/k8s.io/apiserver/pkg/server/graceful_shutdown_test.go,65,REDACTED,18ac9ddf84139072702223b71d18a9ee3bcfb6bf81021bbd43f4b316957204c5,TP,private key material (test fixture)
kubernetes,b2ec8b6fefac,trufflehog,PrivateKey,,staging/src/k8s.io/apiserver/pkg/server/graceful_shutdown_test.go,66,REDACTED,8c5f3cc1ef6c34d8e5f2889d23c6c0da133bbb540bb9a1f79fb5898ce55bb1f8,TP,private key material (test fixture)
kubernetes,b2ec8b6fefac,trufflehog,PrivateKey,,staging/src/k8s.io/apiserver/pkg/server/filters/timeout_test.go,568,REDACTED,a43446715de22461328eaecaf4926bba40911d915e8f1cb6353b9d2e9337a611,TP,private key material (test fixture)
kubernetes,b2ec8b6fefac,trufflehog,PrivateKey,,staging/src/k8s.io/apiserver/pkg/server/options/testdata/apiserver-loopback-client__/key,1,REDACTED,320ff8912a5468e2a7dab63d0a3feffd90009e31a27268754e86f62235b5a1f8,TP,private key material (test fixture)
kubernetes,b2ec8b6fefac,trufflehog,PrivateKey,,staging/src/k8s.io/apiserver/pkg/server/options/testdata/apiserver-loopback-client__/localhost__/key,1,REDACTED,a0945f1c6babc4d5e7264fc48475a04770d55793001b3b97f4632cbc3adb36c3,TP,private key material (test fixture)
kubernetes,b2ec8b6fefac,trufflehog,PrivateKey,,staging/src/k8s.io/apiserver/pkg/server/options/testdata/localhost__/key,1,REDACTED,412351a6a07aac13424e2320ea62668c62df497e798ca267cc52cdf163e7f1e8,TP,private key material (test fixture)
kubernetes,b2ec8b6fefac,trufflehog,PrivateKey,,"staging/src/k8s.io/apiserver/pkg/server/options/testdata/localhost__10.0.0.1,127.0.0.1/key",1,REDACTED,e48b2628cb05699149acd0ea9530e17e891a76abbec2990353bdd4a7da407dc7,TP,private key material (test fixture)
kubernetes,b2ec8b6fefac,trufflehog,PrivateKey,,staging/src/k8s.io/apiserver/pkg/server/options/testdata/localhost__/apiserver-loopback-client__/key,1,REDACTED,f22476da095be2e4bfc662824e129d1fb9c8e91680beff69813f8305cd723bd8,TP,private key material (test fixture)
kubernetes,b2ec8b6fefac,trufflehog,PrivateKey,,staging/src/k8s.io/apiserver/pkg/server/options/testdata/localhost__127.0.0.1/key,1,REDACTED,135e30346c780fb9d2d956f525c70e8a6ff15bde0bb84dae3d6f3c1a9bf54a73,TP,private key material (test fixture)
kubernetes,b2ec8b6fefac,trufflehog,PrivateKey,,"staging/src/k8s.io/apiserver/pkg/server/options/testdata/localhost__10.0.0.1,127.0.0.1/test.com__10.0.0.1/key",1,REDACTED,1362c09f4e0baa56552b74de5bbbbde1d7e9e32be8335fe3210cfeda331fcfca,TP,private key material (test fixture)
kubernetes,b2ec8b6fefac,trufflehog,PrivateKey,,staging/src/k8s.io/apiserver/pkg/server/options/testdata/localhost__127.0.0.1/test.com__/key,1,REDACTED,b96b920f2e1dc3cd5f60f2193462487e5d8eed791ec6e281a5b005863926bc8a,TP,private key material (test fixture)
kubernetes,b2ec8b6fefac,trufflehog,PrivateKey,,staging/src/k8s.io/apiserver/pkg/server/options/testdata/localhost__127.0.0.1/localhost__/key,1,REDACTED,b3b5be74f89b66e5af4d258977be8f025504863a2b710a1ef1040fa23d7d910a,TP,private key material (test fixture)
kubernetes,b2ec8b6fefac,trufflehog,PrivateKey,,staging/src/k8s.io/apiserver/pkg/server/options/testdata/localhost__127.0.0.1/test.com_star.test.com_/key,1,REDACTED,299c4574fdb0b248408b45604de2f33c6f26a50bdab300781ff894f0b93d845d,TP,private key material (test fixture)
kubernetes,b2ec8b6fefac,trufflehog,PrivateKey,,staging/src/k8s.io/apiserver/pkg/server/options/testdata/localhost_test.com_127.0.0.1/key,1,REDACTED,973acf1dfe66afeba6bbd686101ce48aaf8692c67dea809d089dc1370b1a2cf8,TP,private key material (test fixture)
kubernetes,b2ec8b6fefac,trufflehog,PrivateKey,,staging/src/k8s.io/apiserver/pkg/server/options/testdata/test.com__/key,1,REDACTED,28033e29a82e3c011fc7d5a59bd1921336a296bf933ba22c263cdbfba7c88500,TP,private key material (test fixture)
kubernetes,b2ec8b6fefac,trufflehog,PrivateKey,,staging/src/k8s.io/apiserver/pkg/server/options/testdata/test.com__/localhost__/key,1,REDACTED,b5bbc95867bcf2648c2298303eabe28886fb58c18217c6598df75ff9de19a93b,TP,private key material (test fixture)
kubernetes,b2ec8b6fefac,trufflehog,PrivateKey,,staging/src/k8s.io/apiserver/pkg/storage/etcd3/testing/testingcert/certificates.go,91,REDACTED,ac5e63c839b34b629ce611757a2481e64c56be5451a38d30bd0c800a9793eb4c,TP,private key material (test fixture)
kubernetes,b2ec8b6fefac,trufflehog,PrivateKey,,staging/src/k8s.io/apiserver/pkg/storage/etcd3/testing/testingcert/certificates.go,95,REDACTED,6dedd2eaf437b198f0cb8b4c41dc1aeff81b46e1441620f8e88354fbb893e791,FP,path or resource identifier
kubernetes,b2ec8b6fefac,trufflehog,PrivateKey,,staging/src/k8s.io/apiserver/pkg/util/webhook/certs_test.go,199,REDACTED,f38fe3d0fc066a4772b8b9b7a9c66a19cc9d0781830ed2e1800018f4d4184e88,TP,private key material (test fixture)
kubernetes,b2ec8b6fefac,trufflehog,PrivateKey,,staging/src/k8s.io/apiserver/pkg/util/x509metrics/server_cert_deprecations_test.go,101,REDACTED,210f1ed5361b3b775d14c1cfead564bb460a340b649424e76748f7b060742fe0,TP,private key material (test fixture)
kubernetes,b2ec8b6fefac,trufflehog,PrivateKey,,staging/src/k8s.io/apiserver/plugin/pkg/authenticator/token/oidc/testdata/rsa_3.pem,1,REDACTED,5be6af5f2c2416a0baac66aff315981e3a7750bebe1851406671edf63365e402,TP,private key material (test fixture)
kubernetes,b2ec8b6fefac,trufflehog,PrivateKey,,staging/src/k8s.io/apiserver/pkg/util/webhook/certs_test.go,22,REDACTED,8461f9b06ec4c8fdebcaece5f304093b8a99845062e56270ef7a489a3816f5ef,TP,private key material (test fixture)
kubernetes,b2ec8b6fefac,trufflehog,PrivateKey,,staging/src/k8s.io/apiserver/pkg/util/webhook/certs_test.go,132,REDACTED,63a8c6b7c52e74febdca525ea361fe38783dd8f941a451fbad091a32223a584f,TP,private key material (test fixture)
kubernetes,b2ec8b6fefac,trufflehog,PrivateKey,,staging/src/k8s.io/apiserver/plugin/pkg/authenticator/token/oidc/testdata/rsa_1.pem,1,REDACTED,b64432ab7d206962b320f1533323baa495305bddd9ee9cecba299121b9a6ad59,TP,private key material (test fixture)
kubernetes,b2ec8b6fefac,trufflehog,PrivateKey,,staging/src/k8s.io/apiserver/plugin/pkg/authenticator/token/oidc/testdata/rsa_2.pem,1,REDACTED,13a7939e080bea45908b66493ca0a509d0c059ae6dbfee4992ecad8a4914e96b,TP,private key material (test fixture)
kubernetes,b2ec8b6fefac,trufflehog,PrivateKey,,staging/src/k8s.io/apiserver/plugin/pkg/authenticator/token/oidc/testdata/ecdsa_3.pem,1,REDACTED,e1779bbcbd3fb9e9fe661b1bfa9b406d09fc6dedad69cfdec0f0a7616108bc32,TP,private key material (test fixture)
kubernetes,b2ec8b6fefac,trufflehog,PrivateKey,,staging/src/k8s.io/apiserver/plugin/pkg/authenticator/token/oidc/testdata/ecdsa_2.pem,1,REDACTED,964a388fdb7e33d644245392183cd3f2edc7fcdcb2b53d06e42fab6df094ce72,TP,private key material (test fixture)
kubernetes,b2ec8b6fefac,trufflehog,PrivateKey,,staging/src/k8s.io/apiserver/plugin/pkg/authenticator/token/oidc/testdata/ecdsa_1.pem,1,REDACTED,56ec264176d1f282e53ebc506cef1f24120ee1f51e73187f2be97693e6f9ff96,TP,private key material (test fixture)
kubernetes,b2ec8b6fefac,trufflehog,PrivateKey,,staging/src/k8s.io/apiserver/plugin/pkg/authenticator/token/webhook/certs_test.go,110,REDACTED,95f7217adc3e35401c2621b3db96ce122f83504ce40a7427cbf2fbd2da747494,TP,private key material (test fixture)
kubernetes,b2ec8b6fefac,trufflehog,PrivateKey,,staging/src/k8s.io/apiserver/plugin/pkg/authenticator/token/webhook/certs_test.go,62,REDACTED,8eaba365b9261e70bf6ed329b35f45bcd0e3c7626fda778fe26bf1a71f896276,TP,private key material (test fixture)
kubernetes,b2ec8b6fefac,trufflehog,PrivateKey,,staging/src/k8s.io/apiserver/plugin/pkg/authorizer/webhook/certs_test.go,110,REDACTED,910f27721fc02b27f392de1373bf0e070851f871fd02f1f54ba7ef2a99aa68de,TP,private key material (test fixture)
kubernetes,b2ec8b6fefac,trufflehog,PrivateKey,,staging/src/k8s.io/apiserver/plugin/pkg/authorizer/webhook/certs_test.go,62,REDACTED,0cda66b04fa996d9e3b1d63452b153b9dd798203ccda72944134ba6711c18fa9,TP,private key material (test fixture)
kubernetes,b2ec8b6fefac,trufflehog,PrivateKey,,staging/src/k8s.io/client-go/plugin/pkg/client/auth/exec/exec_test.go,71,REDACTED,7e90dd072be4ad8bc2f9368c526db6a3fdd370276d2528224a47c685574f0246,TP,private key material (test fixture)
kubernetes,b2ec8b6fefac,trufflehog,PrivateKey,,staging/src/k8s.io/client-go/tools/remotecommand/fallback_test.go,334,REDACTED,9005a17a97b608b6c9316a39daed9d280557c44833f920f63275cf978bd94ae1,TP,private key material (test fixture)
kubernetes,b2ec8b6fefac,trufflehog,PrivateKey,,staging/src/k8s.io/client-go/tools/remotecommand/fallback_test.go,333,REDACTED,e7c659c65ca0befb1bed43d2c991e10dd520f3a2cfd388b1c4bf9d054dac03df,TP,private key material (test fixture)
kubernetes,b2ec8b6fefac,trufflehog,PrivateKey,,staging/src/k8s.io/client-go/transport/transport_test.go,72,REDACTED,3426bacf1eb0ac0fe2f2123242063b74d92387458c9e11518468d1248d0b9361,TP,private key material (test fixture)
kubernetes,b2ec8b6fefac,trufflehog,PrivateKey,,staging/src/k8s.io/client-go/util/cert/testdata/dontUseThisKey.pem,1,REDACTED,37e66007754c338cd55827e9559c7f5bae9b27dee5762d3553e0bfe63c3c9ba5,TP,private key material (test fixture)
kubernetes,b2ec8b6fefac,trufflehog,PrivateKey,,staging/src/k8s.io/client-go/util/certificate/certificate_manager_test.go,119,REDACTED,0f188986f6d2574ef70077b009bf5ab4d1f9647ced8054f629e33400b5127550,FP,path or resource identifier
kubernetes,b2ec8b6fefac,trufflehog,PrivateKey,,staging/src/k8s.io/client-go/util/certificate/certificate_manager_test.go,112,REDACTED,7f972e9767fb89314fc5d78e5a070bfcdd43a9ccff43d0c2c852baaa243aa0eb,TP,private key material (test fixture)
kubernetes,b2ec8b6fefac,trufflehog,PrivateKey,,staging/src/k8s.io/client-go/util/certificate/certificate_manager_test.go,1263,REDACTED,60f9167c54a73daddc3b9c30756dd5dadcaadfcb1dfb9c7546b038d3fc86f088,TP,private key material (test fixture)
kubernetes,b2ec8b6fefac,trufflehog,PrivateKey,,staging/src/k8s.io/client-go/util/certificate/certificate_manager_test.go,1211,REDACTED,e7711c8b5f216f3b759b43a57625c7572a70edb1037be86d93884c74fc8c0441,TP,private key material (test fixture)
kubernetes,b2ec8b6fefac,trufflehog,PrivateKey,,staging/src/k8s.io/client-go/util/certificate/certificate_manager_test.go,1243,REDACTED,31465ec6484cec0de3375597187c06b25aff6806916f1fb59d779dd9d9f3140e,TP,private key material (test fixture)
kubernetes,b2ec8b6fefac,trufflehog,PrivateKey,,staging/src/k8s.io/client-go/util/certificate/certificate_manager_test.go,1193,REDACTED,329cdec195610e4cb36fb778c8c999cfd117fded71d1cbaca0603947ec7d9818,TP,private key material (test fixture)
kubernetes,b2ec8b6fefac,trufflehog,PrivateKey,,staging/src/k8s.io/client-go/util/certificate/certificate_manager_test.go,1202,REDACTED,ac509c82debf2a2c7008cfbc8939ad759abe6c31ef3a29261de28df9aecb1200,TP,private key material (test fixture)
kubernetes,b2ec8b6fefac,trufflehog,PrivateKey,,staging/src/k8s.io/client-go/util/keyutil/key_test.go,102,REDACTED,9bfae455d71eff59a8d244988b05774d176b7ce8bc1b800089db17f137c2677e,TP,private key material (test fixture)
kubernetes,b2ec8b6fefac,trufflehog,PrivateKey,,staging/src/k8s.io/client-go/util/keyutil/key_test.go,27,REDACTED,2673ffa3b591b3567f3b413425140d29696f9dcb534d9bdbd546b3717fc5d3cd,TP,private key material (test fixture)
kubernetes,b2ec8b6fefac,trufflehog,PrivateKey,,staging/src/k8s.io/client-go/util/keyutil/key_test.go,94,REDACTED,f8c982a1a454d94889347659da0be602e699a32ce12718567d725088eccc6efa,TP,private key material (test fixture)
kubernetes,b2ec8b6fefac,trufflehog,PrivateKey,,staging/src/k8s.io/kube-aggregator/pkg/apiserver/testdata/server-key.pem,1,REDACTED,d277c3922b38852c680999d9cac4807e01d053bc046339a6a593c54755f26418,TP,private key material (test fixture)
kubernetes,b2ec8b6fefac,trufflehog,PrivateKey,,staging/src/k8s.io/kube-aggregator/pkg/apiserver/testdata/server-ca-key.pem,1,REDACTED,33a96c8c66d5a9e8025256ddcfa0f9eda3c71e83b38f5fcb644414c5884fad11,TP,private key material (test fixture)
kubernetes,b2ec8b6fefac,trufflehog,PrivateKey,,staging/src/k8s.io/kube-aggregator/pkg/apiserver/testdata/client-ca-key.pem,1,REDACTED,ef865731fe1c3f6c530a393ee9582450d2772eb0ced85b72de65d872b191d730,TP,private key material (test fixture)
kubernetes,b2ec8b6fefac,trufflehog,PrivateKey,,staging/src/k8s.io/kube-aggregator/pkg/apiserver/handler_proxy_test.go,810,REDACTED,8fedddceebf3095e64245aa1bbffa54397475b6afa7eda5d3c7a8c4f2fad5e8b,TP,private key material (test fixture)
kubernetes,b2ec8b6fefac,trufflehog,PrivateKey,,staging/src/k8s.io/kube-aggregator/pkg/apiserver/handler_proxy_test.go,738,REDACTED,041f6a2c1ab557865d83b8a78faebad34c467490a1a460caf49c97d278a222ae,TP,private key material (test fixture)
kubernetes,b2ec8b6fefac,trufflehog,PrivateKey,,staging/src/k8s.io/kube-aggregator/pkg/apiserver/testdata/client-key.pem,1,REDACTED,fb26f05c267ea5b8ab22e56ed68072918ca5f084fb0381d905952faae11fd1af,TP,private key material (test fixture)
kubernetes,b2ec8b6fefac,trufflehog,PrivateKey,,staging/src/k8s.io/kubectl/pkg/cmd/create/create_secret_tls_test.go,54,REDACTED,9efa5344474db463316d2b9323e44cb856d310d9398f4fc3aee6351530e207fc,TP,private key material (test fixture)
kubernetes,b2ec8b6fefac,trufflehog,PrivateKey,,staging/src/k8s.io/kubectl/pkg/cmd/create/create_secret_tls_test.go,43,REDACTED,2e6ad16c221a9ef0c3ba63f29f8a09f967843a4c054fa4a53a18e7770f7ab39e,TP,private key material (test fixture)
kubernetes,b2ec8b6fefac,trufflehog,PrivateKey,,staging/src/k8s.io/kubectl/pkg/cmd/create/create_secret_tls_test.go,58,REDACTED,01b64b12f7cbd78c5185f95c6fd5a296ffd215c03e9edeb0d6ab90deb714fc79,TP,private key block committed to the repo (test fixture)
kubernetes,b2ec8b6fefac,trufflehog,PrivateKey,,staging/src/k8s.io/kubectl/pkg/cmd/create/create_secret_tls_test.go,47,REDACTED,7933941d9eb3f49e2998a8af96d364899400f11a3b86537a59c05956ba91dc5c,TP,private key block committed to the repo (test fixture)
kubernetes,b2ec8b6fefac,trufflehog,PrivateKey,,staging/src/k8s.io/streaming/pkg/httpstream/spdy/roundtripper_test.go,1042,REDACTED,02fdc7d7a9b5b96e428ee5374e8042c3d31f8aeeee6b522275eebeacbfc09342,TP,private key block committed to the repo (test fixture)
kubernetes,b2ec8b6fefac,trufflehog,PrivateKey,,staging/src/k8s.io/streaming/pkg/httpstream/spdy/roundtripper_test.go,989,REDACTED,9dc514108a559a592c04d84f9452cde28203f9359fb5921eb22a64a8952ffca3,TP,private key material (test fixture)
kubernetes,b2ec8b6fefac,trufflehog,PrivateKey,,staging/src/k8s.io/streaming/pkg/httpstream/spdy/roundtripper_test.go,1040,REDACTED,94075d8a2912b41bda7c688f85ee1c5d18f0c3e6f36c01b2fe1cb367ab2e9cad,TP,private key material (test fixture)
kubernetes,b2ec8b6fefac,trufflehog,PrivateKey,,staging/src/k8s.io/streaming/pkg/httpstream/spdy/roundtripper_test.go,988,REDACTED,39824329ec032087e2ac068558e5ba5388dd485de5a7b2f17cb8cf263df08c6f,TP,private key material (test fixture)
kubernetes,b2ec8b6fefac,trufflehog,PrivateKey,,test/cmd/kubeconfig.sh,125,REDACTED,1f5b165abff42565771d467139cd187ee5f3cd8a8162cae89fad984a59e6db0b,TP,private key block committed to the repo (test fixture)
kubernetes,b2ec8b6fefac,trufflehog,PrivateKey,,test/cmd/kubeconfig.sh,122,REDACTED,a394d4656d1abaea40baf1786f67504d2315a0e2e6a3026f9ff0ddab30a63fd6,TP,private key material (test fixture)
kubernetes,b2ec8b6fefac,trufflehog,Docker,,test/e2e_node/image_credential_pulls.go,111,REDACTED,c5d61244f30449665996469e7803310be99d629fccfa4f5452b69befeedbc756,FP,long identifier or type name
kubernetes,b2ec8b6fefac,trufflehog,PrivateKey,,test/e2e_node/services/apiserver.go,40,REDACTED,d39a88d2b7b9feb752dd7dee5b0b26151df2c892680fd89708786daa576c7ca0,TP,private key material (test fixture)
kubernetes,b2ec8b6fefac,trufflehog,PrivateKey,,test/e2e_node_windows/services/apiserver.go,43,REDACTED,2ead3e0fab7d7d956b81ef3e6faf6ea43be320dbd57f7e18149e8aaca08a801d,TP,private key material (test fixture)
kubernetes,b2ec8b6fefac,trufflehog,PrivateKey,,test/images/agnhost/porter/localhost.key,1,REDACTED,f8d38b6b27127e2a0e10864fa01355cc43520b4abd5ced6840bbe4ad9cc4dfdb,TP,private key material (test fixture)
kubernetes,b2ec8b6fefac,trufflehog,PrivateKey,,test/integration/apiserver/certreload/certreload_test.go,331,REDACTED,a52b8a76a7e9c466eab53efdc3618dd630b9e0a53613ef966c855005067a0516,TP,private key material (test fixture)
kubernetes,b2ec8b6fefac,trufflehog,PrivateKey,,test/integration/auth/svcaccttoken_test.go,70,REDACTED,94de095f60bc7dcd6352846d2dcef690f27144bb815405521c21bf40998138be,TP,private key material (test fixture)
kubernetes,b2ec8b6fefac,trufflehog,PrivateKey,,test/integration/auth/testdata/sloppy-san-client-key.pem,1,REDACTED,85ed1eed66ed80071cccf6fc645dca2d4b5e4aabb652e7fa212d38ed25a6effb,TP,private key material (test fixture)
kubernetes,b2ec8b6fefac,trufflehog,PrivateKey,,test/integration/apiserver/certreload/certreload_test.go,380,REDACTED,9ff43410b079decf7650cfe7580741301983dd9e19e9d10866a0be2e38b17616,TP,private key material (test fixture)
kubernetes,b2ec8b6fefac,trufflehog,PrivateKey,,test/integration/etcd/server.go,64,REDACTED,1d2bbe3eadd75498e0bf78820106c5bac7819072d6c166fd55a45135ddfc707f,TP,private key material (test fixture)
kubernetes,b2ec8b6fefac,trufflehog,PrivateKey,,test/integration/framework/test_server.go,60,REDACTED,74b137f38ffaba91c6e770525884b5594ae2f9c819b595e08a1dc219b50ee13f,TP,private key material (test fixture)
kubernetes,b2ec8b6fefac,trufflehog,PrivateKey,,test/utils/admission_webhook.go,113,REDACTED,0cefb40b0d982f23960b62eccd7ed8eee1c0e4bf8b0b84d674a7387a008d15bb,TP,private key material (test fixture)
kubernetes,b2ec8b6fefac,trufflehog,PrivateKey,,test/utils/admission_webhook.go,112,REDACTED,3428b9d35574f1caee360c6e25180d9a36e09ea5a2c6a4804a3c3fe8ae49c6bf,TP,private key material (test fixture)
kubernetes,b2ec8b6fefac,trufflehog,URI,,vendor/go.opentelemetry.io/otel/semconv/v1.37.0/attribute_group.go,14116,REDACTED,0fe1ec5b3c2111f35f704bdb963877856457df9d49a637937e34f0909d805a45,FP,literal placeholder
kubernetes,b2ec8b6fefac,trufflehog,URI,,vendor/go.opentelemetry.io/otel/semconv/v1.37.0/attribute_group.go,14114,REDACTED,e5e01d1fa901439a7db67ec87a72083158ad6748c5c94a361fef4ee2e1b9f376,FP,literal placeholder
kubernetes,b2ec8b6fefac,trufflehog,URI,,vendor/go.opentelemetry.io/otel/semconv/v1.40.0/attribute_group.go,15759,REDACTED,850d9a527059b6c718982c0beebda145537903a69402ee5afddac0a0ce370c18,FP,literal placeholder
kubernetes,b2ec8b6fefac,trufflehog,URI,,vendor/go.opentelemetry.io/otel/semconv/v1.40.0/attribute_group.go,15761,REDACTED,5bac60340bd0978f7aa2abba9ea107b83dc63dfd6b5ca65281d6a0c76b1eb02c,FP,literal placeholder
kubernetes,b2ec8b6fefac,trufflehog,URI,,vendor/go.opentelemetry.io/otel/semconv/v1.40.0/attribute_group.go,15818,REDACTED,3649cecd33fc1836aaa8344aa09e0c464d178a526980f042e2c798366dd766ec,FP,literal placeholder
kubernetes,b2ec8b6fefac,trufflehog,URI,,vendor/go.opentelemetry.io/otel/semconv/v1.41.0/attribute_group.go,16238,REDACTED,0415519b4e35ed786d2bba9253a492fb822e7173bce40069b9cdf086c753d103,FP,literal placeholder
kubernetes,b2ec8b6fefac,trufflehog,URI,,vendor/go.opentelemetry.io/otel/semconv/v1.41.0/attribute_group.go,16179,REDACTED,e31d40386c33a2827537552454ee5ab071a19e7018acd04803b86c0e57ec8f3a,FP,literal placeholder
kubernetes,b2ec8b6fefac,trufflehog,URI,,vendor/go.opentelemetry.io/otel/semconv/v1.41.0/attribute_group.go,16181,REDACTED,1303bc2d0c176fbec9b25376822ef2d76e14a5f51a7ba6be287658421093f466,FP,literal placeholder
requests,dae7ef63b4df,trufflehog,URI,,HISTORY.md,213,REDACTED,77f15c41e8e137253fd99a8258fb2a3207c446a43b760209bc36a25fb7b5e2cb,FP,documentation example
requests,dae7ef63b4df,trufflehog,URI,,docs/user/advanced.rst,637,REDACTED,7fa36442d4672504f9cb353921fecb67c25caffca8e3af33cbb1dcb6d136219d,FP,documentation example
requests,dae7ef63b4df,trufflehog,URI,,docs/user/advanced.rst,631,REDACTED,82875b0ae61bf0906ff2f50f2d0ee7e452ca59f7e403f7a7eedf529e08c931f8,FP,documentation example
requests,dae7ef63b4df,trufflehog,URI,,docs/user/advanced.rst,634,REDACTED,a0a44938a1c1b86d986a0e57dbc9ea221e0158e12bcc75f04fd9a0064fc6f7cb,FP,documentation example
requests,dae7ef63b4df,trufflehog,URI,,docs/user/advanced.rst,628,REDACTED,f056fab01b5fc55f1f626b857c5bdc270a474a629eb6e8fe65a6eadf83f6e24d,FP,documentation example
requests,dae7ef63b4df,trufflehog,URI,,docs/user/advanced.rst,622,REDACTED,d5f374f3d0810e4ccf8b62d27cb55fbfc1b632e40eb4126054e0ec650c680fd7,FP,documentation example
requests,dae7ef63b4df,trufflehog,URI,,docs/user/advanced.rst,625,REDACTED,f06a7a9065f987f186459322c6f90f7dc32333392f4f588e62928d6180444ac5,FP,documentation example
requests,dae7ef63b4df,trufflehog,PrivateKey,,tests/certs/expired/ca/ca-private.key,1,REDACTED,fa6e5cb1adb3ab5aad9282217fe3d2e029f7f925cbb73f3fbdc7f3c4e0fa2f05,TP,private key material (test fixture)
requests,dae7ef63b4df,trufflehog,PrivateKey,,tests/certs/mtls/client/client.key,1,REDACTED,5873a12489e4d1e948df1248534c8571c91a4bd1c69d0d57218551e817938499,TP,private key material (test fixture)
requests,dae7ef63b4df,trufflehog,PrivateKey,,tests/certs/expired/server/server.key,1,REDACTED,d4911daa3a5f8489820815a6f7589da326e9d747bf351c30ae1dc0b49360baf2,TP,private key material (test fixture)
requests,dae7ef63b4df,trufflehog,PrivateKey,,tests/certs/valid/server/server.key,1,REDACTED,9bca1fdee58d571922c9a3cb15a5d6485f42e3d00c981374914e8cff606457bd,TP,private key material (test fixture)
requests,dae7ef63b4df,trufflehog,URI,,tests/test_requests.py,675,REDACTED,caa29ec587186ee14ca5de37fca3f5a33b10e4c5c35a0960be2c4ba3e1361dad,FP,credential in URL is a literal placeholder
requests,dae7ef63b4df,trufflehog,URI,,tests/test_requests.py,674,REDACTED,b2b0c31766530b2f19456568b34446e236e617b5b7d65153a29529977c3e1352,FP,credential in URL is a literal placeholder
requests,dae7ef63b4df,trufflehog,URI,,tests/test_utils.py,779,REDACTED,bbee2aa5200b85f0a3ce2b2e94aeb8aa26afdaa9687e5289d1c1d7b1423d44ba,FP,credential in URL is a literal placeholder
requests,dae7ef63b4df,trufflehog,URI,,tests/test_utils.py,778,REDACTED,4790ec97a40fa0faaa7386e421d06a365ee42044ce1890cf151266683bf6a375,FP,credential in URL is a literal placeholder
requests,dae7ef63b4df,trufflehog,URI,,tests/test_utils.py,784,REDACTED,0da2094992d644ec172ceba9dbc595ee9cf103f66a33a84f0cd65370ddab8255,FP,credential in URL is a literal placeholder
requests,dae7ef63b4df,trufflehog,URI,,tests/test_utils.py,707,REDACTED,1e97be86ff710b2ec5ba48704d02504a5773544ba2d51ee644e149b6a0cd6201,FP,literal placeholder
requests,dae7ef63b4df,trufflehog,URI,,tests/test_utils.py,783,REDACTED,e30cb672f6c7ca60c9e41b5d19030bd36859aebd5fa26efd0c08d855ee779533,FP,credential in URL is a literal placeholder
requests,dae7ef63b4df,trufflehog,URI,,tests/test_utils.py,780,REDACTED,c72a26087d6ebd98000ebdb8d50d698a1d33cf3deae7ea03e7d5bb9468d6e5cc,FP,credential in URL is a literal placeholder
requests,dae7ef63b4df,trufflehog,URI,,tests/test_utils.py,706,REDACTED,5c2ceb1281bd56110c904ac726dafddb73b90d48f2b579eb7ddf964d9e9cc098,FP,credential in URL is a literal placeholder
requests,dae7ef63b4df,trufflehog,URI,,tests/test_utils.py,774,REDACTED,ee28717626d4c10a90848ecd5aef3a14808e2c67f3ebe5e75f1f3869916af56e,FP,credential in URL is a literal placeholder (get_auth_from_url / proxy test table)
requests,dae7ef63b4df,trufflehog,URI,,tests/test_utils.py,775,REDACTED,4688d6bc5f82a15d99bee41125d7be5bf795d3670014ff54d836a3eef13733e1,FP,credential in URL is a literal placeholder (get_auth_from_url / proxy test table)
requests,dae7ef63b4df,trufflehog,URI,,tests/test_utils.py,779,REDACTED,cf0f9b5dd600fedd26d5033015331926b0a01a73e24f4ef21a815f08a0ea3506,FP,credential in URL is a literal placeholder
requests,dae7ef63b4df,trufflehog,URI,,tests/test_utils.py,455,REDACTED,93e4fd1be06b6930746f49a81275d31d8c6f7475c098f71bf2cde3c2350e8cbf,FP,credential in URL is a literal placeholder
requests,dae7ef63b4df,trufflehog,URI,,tests/test_utils.py,457,REDACTED,18ef3ba17e2d08eb32d4a0a554f9289c84370632faea339dcbd4ee31a41d4390,FP,credential in URL is a literal placeholder (get_auth_from_url / proxy test table)
requests,dae7ef63b4df,trufflehog,URI,,tests/test_utils.py,462,REDACTED,ec4670d9197cd37e234087a9010b6cc9d8bb86255f834cbe26d5c689427148fb,FP,credential in URL is a literal placeholder (get_auth_from_url / proxy test table)
requests,dae7ef63b4df,trufflehog,URI,,tests/test_utils.py,466,REDACTED,8f10e8b7770f9b9bff563ff22c399d671e49ea3b473d02c255ad20e6d223969d,FP,credential in URL is a literal placeholder (get_auth_from_url / proxy test table)
requests,dae7ef63b4df,trufflehog,URI,,tests/test_utils.py,700,REDACTED,e6fb4cbb43fe6abf9a122811a1fb6b9603425d3daaf57cf5afc5376bf167200b,FP,credential in URL is a literal placeholder / URL-parser test vector
requests,dae7ef63b4df,trufflehog,URI,,tests/test_utils.py,459,REDACTED,b38da4efacc013eff5ae469ed09fc6d1671857d6514e7645c359da81c1c55f28,FP,credential in URL is a literal placeholder (get_auth_from_url / proxy test table)
requests,dae7ef63b4df,trufflehog,URI,,tests/test_utils.py,769,REDACTED,10fd89e446515ece2870c0554779e304250df516e544b08e0d462a0cfb0f87f9,FP,credential in URL is a literal placeholder (get_auth_from_url / proxy test table)
requests,dae7ef63b4df,trufflehog,URI,,tests/test_utils.py,470,REDACTED,b4e0412d2c7529364b0f7990d1fb3b7888fcb7c1baa635eeaa8a92b430b09854,FP,credential in URL is a literal placeholder (get_auth_from_url / proxy test table)
requests,dae7ef63b4df,trufflehog,URI,,tests/test_utils.py,466,REDACTED,76bfc1651444bcf99efb2d9efe9da6ae29299da890c8d44df134b7a7e26e2192,FP,credential in URL is a literal placeholder (get_auth_from_url / proxy test table)
requests,dae7ef63b4df,trufflehog,URI,,tests/test_utils.py,461,REDACTED,c4e3575fe1dbe1524ea19d5f3390a8ff891e3a4475ee3ce23204ea262749ca35,FP,credential in URL is a literal placeholder (get_auth_from_url / proxy test table)
requests,dae7ef63b4df,trufflehog,URI,,tests/test_utils.py,768,REDACTED,602bb186302ecf264fab8661129bed7121643777892865da368944a3dbe3b6bf,FP,credential in URL is a literal placeholder (get_auth_from_url / proxy test table)
